DateTime,Open
2017-01-01 00:00:00,8.0441000
2017-01-02 00:00:00,8.2200000
2017-01-03 00:00:00,8.3700000
2017-01-04 00:00:00,9.6620000
2017-01-05 00:00:00,11.0620000
2017-01-06 00:00:00,10.2150000
2017-01-07 00:00:00,10.1000000
2017-01-08 00:00:00,9.7960000
2017-01-09 00:00:00,10.3590000
2017-01-10 00:00:00,10.4170000
2017-01-11 00:00:00,10.6080000
2017-01-12 00:00:00,9.6799000
2017-01-13 00:00:00,9.7183000
2017-01-14 00:00:00,9.6750000
2017-01-15 00:00:00,9.6140000
2017-01-16 00:00:00,9.7419000
2017-01-17 00:00:00,9.5739000
2017-01-18 00:00:00,10.2910000
2017-01-19 00:00:00,10.2220000
2017-01-20 00:00:00,10.4260000
2017-01-21 00:00:00,10.6400000
2017-01-22 00:00:00,10.9480000
2017-01-23 00:00:00,10.6830000
2017-01-24 00:00:00,10.7020000
2017-01-25 00:00:00,10.5700000
2017-01-26 00:00:00,10.4840000
2017-01-27 00:00:00,10.5800000
2017-01-28 00:00:00,10.4530000
2017-01-29 00:00:00,10.5350000
2017-01-30 00:00:00,10.4350000
2017-01-31 00:00:00,10.5000000
2017-02-01 00:00:00,10.7110000
2017-02-02 00:00:00,10.6540000
2017-02-03 00:00:00,10.7400000
2017-02-04 00:00:00,11.0170000
2017-02-05 00:00:00,11.3310000
2017-02-06 00:00:00,11.2100000
2017-02-07 00:00:00,11.2700000
2017-02-08 00:00:00,11.4390000
2017-02-09 00:00:00,11.2830000
2017-02-10 00:00:00,10.9500000
2017-02-11 00:00:00,11.2800000
2017-02-12 00:00:00,11.3090000
2017-02-13 00:00:00,11.3330000
2017-02-14 00:00:00,11.3170000
2017-02-15 00:00:00,13.0720000
2017-02-16 00:00:00,12.9400000
2017-02-17 00:00:00,12.8890000
2017-02-18 00:00:00,12.7660000
2017-02-19 00:00:00,12.8280000
2017-02-20 00:00:00,12.8100000
2017-02-21 00:00:00,12.4200000
2017-02-22 00:00:00,12.8180000
2017-02-23 00:00:00,12.6820000
2017-02-24 00:00:00,13.2000000
2017-02-25 00:00:00,13.0670000
2017-02-26 00:00:00,13.5100000
2017-02-27 00:00:00,14.5670000
2017-02-28 00:00:00,15.5000000
2017-03-01 00:00:00,15.8300000
2017-03-02 00:00:00,17.4770000
2017-03-03 00:00:00,19.0280000
2017-03-04 00:00:00,19.5500000
2017-03-05 00:00:00,18.5010000
2017-03-06 00:00:00,19.2920000
2017-03-07 00:00:00,19.5680000
2017-03-08 00:00:00,18.8000000
2017-03-09 00:00:00,16.5440000
2017-03-10 00:00:00,17.6720000
2017-03-11 00:00:00,19.1750000
2017-03-12 00:00:00,21.3000000
2017-03-13 00:00:00,23.2400000
2017-03-14 00:00:00,28.3920000
2017-03-15 00:00:00,28.6600000
2017-03-16 00:00:00,34.7960000
2017-03-17 00:00:00,45.0710000
2017-03-18 00:00:00,44.6500000
2017-03-19 00:00:00,34.2000000
2017-03-20 00:00:00,43.1690000
2017-03-21 00:00:00,41.8740000
2017-03-22 00:00:00,42.4520000
2017-03-23 00:00:00,41.4590000
2017-03-24 00:00:00,43.1360000
2017-03-25 00:00:00,54.0200000
2017-03-26 00:00:00,51.2700000
2017-03-27 00:00:00,50.5000000
2017-03-28 00:00:00,48.9130000
2017-03-29 00:00:00,50.1640000
2017-03-30 00:00:00,52.8790000
2017-03-31 00:00:00,51.6760000
2017-04-01 00:00:00,49.7770000
2017-04-02 00:00:00,50.6000000
2017-04-03 00:00:00,48.6000000
2017-04-04 00:00:00,44.2700000
2017-04-05 00:00:00,44.5130000
2017-04-06 00:00:00,45.3500000
2017-04-07 00:00:00,43.2970000
2017-04-08 00:00:00,42.3620000
2017-04-09 00:00:00,44.7140000
2017-04-10 00:00:00,44.0290000
2017-04-11 00:00:00,44.1700000
2017-04-12 00:00:00,44.2000000
2017-04-13 00:00:00,46.9600000
2017-04-14 00:00:00,50.5300000
2017-04-15 00:00:00,48.5000000
2017-04-16 00:00:00,49.6020000
2017-04-17 00:00:00,49.5810000
2017-04-18 00:00:00,49.5780000
2017-04-19 00:00:00,52.4400000
2017-04-20 00:00:00,49.6610000
2017-04-21 00:00:00,51.9790000
2017-04-22 00:00:00,51.1710000
2017-04-23 00:00:00,52.3720000
2017-04-24 00:00:00,53.3310000
2017-04-25 00:00:00,53.7810000
2017-04-26 00:00:00,53.9000000
2017-04-27 00:00:00,57.4450000
2017-04-28 00:00:00,68.0000000
2017-04-29 00:00:00,75.9900000
2017-04-30 00:00:00,73.4110000
2017-05-01 00:00:00,83.5180000
2017-05-02 00:00:00,81.4890000
2017-05-03 00:00:00,82.4760000
2017-05-04 00:00:00,86.0990000
2017-05-05 00:00:00,99.3580000
2017-05-06 00:00:00,91.5000000
2017-05-07 00:00:00,96.7920000
2017-05-08 00:00:00,94.8840000
2017-05-09 00:00:00,88.9330000
2017-05-10 00:00:00,88.9000000
2017-05-11 00:00:00,88.3300000
2017-05-12 00:00:00,89.0720000
2017-05-13 00:00:00,86.9240000
2017-05-14 00:00:00,89.9000000
2017-05-15 00:00:00,90.3700000
2017-05-16 00:00:00,92.3090000
2017-05-17 00:00:00,88.1700000
2017-05-18 00:00:00,89.4230000
2017-05-19 00:00:00,98.5500000
2017-05-20 00:00:00,124.4900000
2017-05-21 00:00:00,123.4900000
2017-05-22 00:00:00,146.1400000
2017-05-23 00:00:00,155.1600000
2017-05-24 00:00:00,168.2500000
2017-05-25 00:00:00,183.8800000
2017-05-26 00:00:00,168.7300000
2017-05-27 00:00:00,153.5000000
2017-05-28 00:00:00,150.3500000
2017-05-29 00:00:00,161.4800000
2017-05-30 00:00:00,188.1000000
2017-05-31 00:00:00,224.7800000
2017-06-01 00:00:00,218.4100000
2017-06-02 00:00:00,211.4000000
2017-06-03 00:00:00,214.6000000
2017-06-04 00:00:00,217.0100000
2017-06-05 00:00:00,241.0600000
2017-06-06 00:00:00,242.1000000
2017-06-07 00:00:00,261.8900000
2017-06-08 00:00:00,250.9900000
2017-06-09 00:00:00,257.0200000
2017-06-10 00:00:00,278.8200000
2017-06-11 00:00:00,325.8800000
2017-06-12 00:00:00,336.2400000
2017-06-13 00:00:00,386.9000000
2017-06-14 00:00:00,382.7000000
2017-06-15 00:00:00,336.9100000
2017-06-16 00:00:00,338.9900000
2017-06-17 00:00:00,349.0000000
2017-06-18 00:00:00,364.5700000
2017-06-19 00:00:00,348.8300000
2017-06-20 00:00:00,355.5000000
2017-06-21 00:00:00,344.1500000
2017-06-22 00:00:00,320.0300000
2017-06-23 00:00:00,320.4900000
2017-06-24 00:00:00,324.5200000
2017-06-25 00:00:00,296.8300000
2017-06-26 00:00:00,276.6400000
2017-06-27 00:00:00,251.0000000
2017-06-28 00:00:00,279.0000000
2017-06-29 00:00:00,312.4000000
2017-06-30 00:00:00,286.1700000
2017-07-01 00:00:00,276.1700000
2017-07-02 00:00:00,255.0000000
2017-07-03 00:00:00,277.2400000
2017-07-04 00:00:00,273.9700000
2017-07-05 00:00:00,266.4600000
2017-07-06 00:00:00,264.7100000
2017-07-07 00:00:00,265.3500000
2017-07-08 00:00:00,238.3900000
2017-07-09 00:00:00,245.0600000
2017-07-10 00:00:00,235.4400000
2017-07-11 00:00:00,201.9800000
2017-07-12 00:00:00,188.2200000
2017-07-13 00:00:00,223.9400000
2017-07-14 00:00:00,204.9900000
2017-07-15 00:00:00,196.6800000
2017-07-16 00:00:00,170.2100000
2017-07-17 00:00:00,157.4000000
2017-07-18 00:00:00,190.1600000
2017-07-19 00:00:00,226.6100000
2017-07-20 00:00:00,194.6300000
2017-07-21 00:00:00,227.3000000
2017-07-22 00:00:00,216.0900000
2017-07-23 00:00:00,232.4100000
2017-07-24 00:00:00,228.2200000
2017-07-25 00:00:00,226.6300000
2017-07-26 00:00:00,202.8800000
2017-07-27 00:00:00,203.3300000
2017-07-28 00:00:00,202.5500000
2017-07-29 00:00:00,191.4100000
2017-07-30 00:00:00,206.7700000
2017-07-31 00:00:00,195.3000000
2017-08-01 00:00:00,200.8200000
2017-08-02 00:00:00,225.9800000
2017-08-03 00:00:00,218.0100000
2017-08-04 00:00:00,224.7700000
2017-08-05 00:00:00,220.7300000
2017-08-06 00:00:00,253.8800000
2017-08-07 00:00:00,264.3100000
2017-08-08 00:00:00,269.5000000
2017-08-09 00:00:00,295.8000000
2017-08-10 00:00:00,293.9900000
2017-08-11 00:00:00,295.9100000
2017-08-12 00:00:00,308.8200000
2017-08-13 00:00:00,307.1900000
2017-08-14 00:00:00,296.7600000
2017-08-15 00:00:00,298.6000000
2017-08-16 00:00:00,286.0000000
2017-08-17 00:00:00,301.3200000
2017-08-18 00:00:00,299.2200000
2017-08-19 00:00:00,292.0000000
2017-08-20 00:00:00,292.7800000
2017-08-21 00:00:00,298.3700000
2017-08-22 00:00:00,322.2400000
2017-08-23 00:00:00,312.8100000
2017-08-24 00:00:00,316.4800000
2017-08-25 00:00:00,325.5500000
2017-08-26 00:00:00,328.7100000
2017-08-27 00:00:00,332.6200000
2017-08-28 00:00:00,348.0100000
2017-08-29 00:00:00,347.1900000
2017-08-30 00:00:00,372.3400000
2017-08-31 00:00:00,382.3100000
2017-09-01 00:00:00,387.3000000
2017-09-02 00:00:00,390.1300000
2017-09-03 00:00:00,345.0000000
2017-09-04 00:00:00,350.9800000
2017-09-05 00:00:00,295.8200000
2017-09-06 00:00:00,316.0300000
2017-09-07 00:00:00,337.0800000
2017-09-08 00:00:00,334.4500000
2017-09-09 00:00:00,303.9900000
2017-09-10 00:00:00,303.2000000
2017-09-11 00:00:00,297.8400000
2017-09-12 00:00:00,297.2000000
2017-09-13 00:00:00,293.7500000
2017-09-14 00:00:00,275.4800000
2017-09-15 00:00:00,222.5400000
2017-09-16 00:00:00,258.2500000
2017-09-17 00:00:00,252.9900000
2017-09-18 00:00:00,257.0000000
2017-09-19 00:00:00,296.8200000
2017-09-20 00:00:00,282.6400000
2017-09-21 00:00:00,283.5800000
2017-09-22 00:00:00,256.7100000
2017-09-23 00:00:00,262.1900000
2017-09-24 00:00:00,285.9000000
2017-09-25 00:00:00,281.9300000
2017-09-26 00:00:00,295.0600000
2017-09-27 00:00:00,289.1700000
2017-09-28 00:00:00,309.8300000
2017-09-29 00:00:00,302.5100000
2017-09-30 00:00:00,292.7400000
2017-10-01 00:00:00,303.4400000
2017-10-02 00:00:00,304.2400000
2017-10-03 00:00:00,296.8200000
2017-10-04 00:00:00,291.6900000
2017-10-05 00:00:00,291.4000000
2017-10-06 00:00:00,295.0900000
2017-10-07 00:00:00,308.4100000
2017-10-08 00:00:00,311.4600000
2017-10-09 00:00:00,309.8300000
2017-10-10 00:00:00,297.4300000
2017-10-11 00:00:00,299.3200000
2017-10-12 00:00:00,303.3200000
2017-10-13 00:00:00,303.2000000
2017-10-14 00:00:00,337.4400000
2017-10-15 00:00:00,339.2400000
2017-10-16 00:00:00,337.0500000
2017-10-17 00:00:00,334.3000000
2017-10-18 00:00:00,315.6300000
2017-10-19 00:00:00,313.4200000
2017-10-20 00:00:00,306.9600000
2017-10-21 00:00:00,302.5700000
2017-10-22 00:00:00,299.2900000
2017-10-23 00:00:00,293.5200000
2017-10-24 00:00:00,285.0000000
2017-10-25 00:00:00,296.3000000
2017-10-26 00:00:00,295.4500000
2017-10-27 00:00:00,295.0200000
2017-10-28 00:00:00,296.0000000
2017-10-29 00:00:00,293.5900000
2017-10-30 00:00:00,304.3800000
2017-10-31 00:00:00,306.9900000
2017-11-01 00:00:00,303.6900000
2017-11-02 00:00:00,288.8400000
2017-11-03 00:00:00,284.8800000
2017-11-04 00:00:00,303.4700000
2017-11-05 00:00:00,299.4500000
2017-11-06 00:00:00,295.3800000
2017-11-07 00:00:00,296.6700000
2017-11-08 00:00:00,291.3900000
2017-11-09 00:00:00,307.5200000
2017-11-10 00:00:00,319.5200000
2017-11-11 00:00:00,296.1200000
2017-11-12 00:00:00,313.2500000
2017-11-13 00:00:00,303.4200000
2017-11-14 00:00:00,313.3100000
2017-11-15 00:00:00,334.2900000
2017-11-16 00:00:00,330.8900000
2017-11-17 00:00:00,330.9100000
2017-11-18 00:00:00,331.0900000
2017-11-19 00:00:00,346.8900000
2017-11-20 00:00:00,354.7100000
2017-11-21 00:00:00,367.8100000
2017-11-22 00:00:00,359.8300000
2017-11-23 00:00:00,380.7300000
2017-11-24 00:00:00,405.1900000
2017-11-25 00:00:00,469.9000000
2017-11-26 00:00:00,464.0000000
2017-11-27 00:00:00,469.5400000
2017-11-28 00:00:00,473.4600000
2017-11-29 00:00:00,465.5800000
2017-11-30 00:00:00,421.4900000
2017-12-01 00:00:00,432.0100000
2017-12-02 00:00:00,460.6700000
2017-12-03 00:00:00,455.5000000
2017-12-04 00:00:00,459.3100000
2017-12-05 00:00:00,465.0000000
2017-12-06 00:00:00,450.8700000
2017-12-07 00:00:00,413.7100000
2017-12-08 00:00:00,415.0300000
2017-12-09 00:00:00,442.1900000
2017-12-10 00:00:00,460.9200000
2017-12-11 00:00:00,429.2000000
2017-12-12 00:00:00,515.2400000
2017-12-13 00:00:00,633.9800000
2017-12-14 00:00:00,690.6900000
2017-12-15 00:00:00,686.4500000
2017-12-16 00:00:00,678.1300000
2017-12-17 00:00:00,683.2400000
2017-12-18 00:00:00,709.4500000
2017-12-19 00:00:00,783.9900000
2017-12-20 00:00:00,800.0000000
2017-12-21 00:00:00,794.4500000
2017-12-22 00:00:00,786.9600000
2017-12-23 00:00:00,626.6700000
2017-12-24 00:00:00,672.8200000
2017-12-25 00:00:00,659.8800000
2017-12-26 00:00:00,710.3300000
2017-12-27 00:00:00,749.7900000
2017-12-28 00:00:00,737.1500000
2017-12-29 00:00:00,711.4200000
2017-12-30 00:00:00,731.5000000
2017-12-31 00:00:00,682.2400000
2018-01-01 00:00:00,736.7700000
2018-01-02 00:00:00,752.8800000
2018-01-03 00:00:00,858.4700000
2018-01-04 00:00:00,942.0100000
2018-01-05 00:00:00,939.4200000
2018-01-06 00:00:00,962.7400000
2018-01-07 00:00:00,1004.9000000
2018-01-08 00:00:00,1115.8000000
2018-01-09 00:00:00,1129.0000000
2018-01-10 00:00:00,1284.0000000
2018-01-11 00:00:00,1246.0000000
2018-01-12 00:00:00,1135.2000000
2018-01-13 00:00:00,1257.0000000
2018-01-14 00:00:00,1380.0000000
2018-01-15 00:00:00,1349.8000000
2018-01-16 00:00:00,1276.1000000
2018-01-17 00:00:00,1019.7000000
2018-01-18 00:00:00,1021.6000000
2018-01-19 00:00:00,993.9200000
2018-01-20 00:00:00,1032.6000000
2018-01-21 00:00:00,1146.5000000
2018-01-22 00:00:00,1047.7000000
2018-01-23 00:00:00,997.4400000
2018-01-24 00:00:00,981.8100000
2018-01-25 00:00:00,1061.6000000
2018-01-26 00:00:00,1047.7000000
2018-01-27 00:00:00,1046.1000000
2018-01-28 00:00:00,1113.5000000
2018-01-29 00:00:00,1245.5000000
2018-01-30 00:00:00,1174.3000000
2018-01-31 00:00:00,1076.9000000
2018-02-01 00:00:00,1119.8000000
2018-02-02 00:00:00,1035.5000000
2018-02-03 00:00:00,923.7700000
2018-02-04 00:00:00,972.1000000
2018-02-05 00:00:00,825.2000000
2018-02-06 00:00:00,697.6200000
2018-02-07 00:00:00,781.9800000
2018-02-08 00:00:00,751.2700000
2018-02-09 00:00:00,813.4100000
2018-02-10 00:00:00,878.0100000
2018-02-11 00:00:00,851.6600000
2018-02-12 00:00:00,810.4500000
2018-02-13 00:00:00,866.4500000
2018-02-14 00:00:00,839.9900000
2018-02-15 00:00:00,919.0900000
2018-02-16 00:00:00,925.0300000
2018-02-17 00:00:00,937.3800000
2018-02-18 00:00:00,973.2900000
2018-02-19 00:00:00,913.1900000
2018-02-20 00:00:00,939.1800000
2018-02-21 00:00:00,883.9200000
2018-02-22 00:00:00,837.8000000
2018-02-23 00:00:00,802.8500000
2018-02-24 00:00:00,852.1800000
2018-02-25 00:00:00,831.5200000
2018-02-26 00:00:00,839.3800000
2018-02-27 00:00:00,867.7600000
2018-02-28 00:00:00,871.4200000
2018-03-01 00:00:00,851.2500000
2018-03-02 00:00:00,869.2300000
2018-03-03 00:00:00,854.5000000
2018-03-04 00:00:00,855.3000000
2018-03-05 00:00:00,866.0600000
2018-03-06 00:00:00,848.1300000
2018-03-07 00:00:00,814.4400000
2018-03-08 00:00:00,749.2100000
2018-03-09 00:00:00,697.3100000
2018-03-10 00:00:00,724.6200000
2018-03-11 00:00:00,679.6000000
2018-03-12 00:00:00,719.8500000
2018-03-13 00:00:00,696.5100000
2018-03-14 00:00:00,688.5000000
2018-03-15 00:00:00,610.9200000
2018-03-16 00:00:00,609.9000000
2018-03-17 00:00:00,598.7700000
2018-03-18 00:00:00,548.5700000
2018-03-19 00:00:00,536.7200000
2018-03-20 00:00:00,555.0000000
2018-03-21 00:00:00,556.3800000
2018-03-22 00:00:00,558.8300000
2018-03-23 00:00:00,539.2000000
2018-03-24 00:00:00,543.8600000
2018-03-25 00:00:00,518.8000000
2018-03-26 00:00:00,522.4100000
2018-03-27 00:00:00,485.2100000
2018-03-28 00:00:00,448.2000000
2018-03-29 00:00:00,445.3700000
2018-03-30 00:00:00,384.1100000
2018-03-31 00:00:00,393.0800000
2018-04-01 00:00:00,393.6500000
2018-04-02 00:00:00,378.6700000
2018-04-03 00:00:00,384.2500000
2018-04-04 00:00:00,415.4300000
2018-04-05 00:00:00,378.0000000
2018-04-06 00:00:00,380.9900000
2018-04-07 00:00:00,369.7300000
2018-04-08 00:00:00,384.2600000
2018-04-09 00:00:00,400.3400000
2018-04-10 00:00:00,398.8000000
2018-04-11 00:00:00,415.1200000
2018-04-12 00:00:00,429.7400000
2018-04-13 00:00:00,493.8500000
2018-04-14 00:00:00,495.9200000
2018-04-15 00:00:00,502.4500000
2018-04-16 00:00:00,534.0300000
2018-04-17 00:00:00,511.2900000
2018-04-18 00:00:00,503.1300000
2018-04-19 00:00:00,525.5600000
2018-04-20 00:00:00,566.9200000
2018-04-21 00:00:00,616.4400000
2018-04-22 00:00:00,604.5600000
2018-04-23 00:00:00,621.1100000
2018-04-24 00:00:00,643.9700000
2018-04-25 00:00:00,702.9900000
2018-04-26 00:00:00,617.8400000
2018-04-27 00:00:00,661.1800000
2018-04-28 00:00:00,643.4900000
2018-04-29 00:00:00,683.0300000
2018-04-30 00:00:00,689.9300000
2018-05-01 00:00:00,670.6400000
2018-05-02 00:00:00,671.0600000
2018-05-03 00:00:00,688.0000000
2018-05-04 00:00:00,779.3900000
2018-05-05 00:00:00,785.5200000
2018-05-06 00:00:00,819.6800000
2018-05-07 00:00:00,793.7900000
2018-05-08 00:00:00,752.2000000
2018-05-09 00:00:00,747.9300000
2018-05-10 00:00:00,751.8600000
2018-05-11 00:00:00,723.3800000
2018-05-12 00:00:00,677.9900000
2018-05-13 00:00:00,683.4500000
2018-05-14 00:00:00,728.8300000
2018-05-15 00:00:00,727.4100000
2018-05-16 00:00:00,705.0700000
2018-05-17 00:00:00,707.1000000
2018-05-18 00:00:00,667.8400000
2018-05-19 00:00:00,693.6100000
2018-05-20 00:00:00,696.2000000
2018-05-21 00:00:00,715.1100000
2018-05-22 00:00:00,696.1300000
2018-05-23 00:00:00,640.0000000
2018-05-24 00:00:00,576.9000000
2018-05-25 00:00:00,602.5200000
2018-05-26 00:00:00,584.3900000
2018-05-27 00:00:00,585.6000000
2018-05-28 00:00:00,569.0000000
2018-05-29 00:00:00,512.0000000
2018-05-30 00:00:00,567.2700000
2018-05-31 00:00:00,557.0000000
2018-06-01 00:00:00,577.0000000
2018-06-02 00:00:00,579.2400000
2018-06-03 00:00:00,590.4400000
2018-06-04 00:00:00,619.3900000
2018-06-05 00:00:00,591.0900000
2018-06-06 00:00:00,608.7100000
2018-06-07 00:00:00,606.6600000
2018-06-08 00:00:00,605.3900000
2018-06-09 00:00:00,599.9000000
2018-06-10 00:00:00,593.1900000
2018-06-11 00:00:00,523.5500000
2018-06-12 00:00:00,530.7800000
2018-06-13 00:00:00,493.7400000
2018-06-14 00:00:00,476.1500000
2018-06-15 00:00:00,519.9000000
2018-06-16 00:00:00,487.2700000
2018-06-17 00:00:00,496.7900000
2018-06-18 00:00:00,497.0000000
2018-06-19 00:00:00,517.6400000
2018-06-20 00:00:00,538.4700000
2018-06-21 00:00:00,536.2587884
2018-06-22 00:00:00,526.1100000
2018-06-23 00:00:00,461.7700000
2018-06-24 00:00:00,473.4800000
2018-06-25 00:00:00,455.3200000
2018-06-26 00:00:00,459.0100000
2018-06-27 00:00:00,429.3200000
2018-06-28 00:00:00,441.6600000
2018-06-29 00:00:00,420.3200000
2018-06-30 00:00:00,435.7000000
2018-07-01 00:00:00,453.8500000
2018-07-02 00:00:00,452.0200000
2018-07-03 00:00:00,476.8000000
2018-07-04 00:00:00,462.0000000
2018-07-05 00:00:00,467.4700000
2018-07-06 00:00:00,467.5200000
2018-07-07 00:00:00,470.3600000
2018-07-08 00:00:00,486.7100000
2018-07-09 00:00:00,486.0900000
2018-07-10 00:00:00,471.5600000
2018-07-11 00:00:00,432.4400000
2018-07-12 00:00:00,445.1500000
2018-07-13 00:00:00,430.9900000
2018-07-14 00:00:00,432.1600000
2018-07-15 00:00:00,433.5000000
2018-07-16 00:00:00,449.9000000
2018-07-17 00:00:00,479.0900000
2018-07-18 00:00:00,499.1100000
2018-07-19 00:00:00,478.9600000
2018-07-20 00:00:00,468.6300000
2018-07-21 00:00:00,449.1300000
2018-07-22 00:00:00,460.7400000
2018-07-23 00:00:00,457.9900000
2018-07-24 00:00:00,449.5200000
2018-07-25 00:00:00,479.3300000
2018-07-26 00:00:00,471.8900000
2018-07-27 00:00:00,462.2935061
2018-07-28 00:00:00,470.2400000
2018-07-29 00:00:00,469.1400000
2018-07-30 00:00:00,466.3000000
2018-07-31 00:00:00,456.6300000
2018-08-01 00:00:00,432.1700000
2018-08-02 00:00:00,420.0700000
2018-08-03 00:00:00,410.9000000
2018-08-04 00:00:00,417.6600000
2018-08-05 00:00:00,406.9900000
2018-08-06 00:00:00,408.6600000
2018-08-07 00:00:00,404.8800000
2018-08-08 00:00:00,377.8200000
2018-08-09 00:00:00,355.6300000
2018-08-10 00:00:00,363.2700000
2018-08-11 00:00:00,331.8400000
2018-08-12 00:00:00,317.8500000
2018-08-13 00:00:00,318.1600000
2018-08-14 00:00:00,283.9200000
2018-08-15 00:00:00,278.3900000
2018-08-16 00:00:00,281.3400000
2018-08-17 00:00:00,286.8500000
2018-08-18 00:00:00,317.6800000
2018-08-19 00:00:00,294.3200000
2018-08-20 00:00:00,299.2100000
2018-08-21 00:00:00,270.4100000
2018-08-22 00:00:00,281.2000000
2018-08-23 00:00:00,270.5100000
2018-08-24 00:00:00,275.8799790
2018-08-25 00:00:00,281.2800000
2018-08-26 00:00:00,277.2900000
2018-08-27 00:00:00,274.3304384
2018-08-28 00:00:00,288.1700000
2018-08-29 00:00:00,295.5900000
2018-08-30 00:00:00,288.7500000
2018-08-31 00:00:00,284.1000000
2018-09-01 00:00:00,281.6000000
2018-09-02 00:00:00,295.7300000
2018-09-03 00:00:00,295.3500000
2018-09-04 00:00:00,289.2700000
2018-09-05 00:00:00,285.3400000
2018-09-06 00:00:00,228.4400000
2018-09-07 00:00:00,229.7200000
2018-09-08 00:00:00,215.1700000
2018-09-09 00:00:00,196.7000000
2018-09-10 00:00:00,196.0200000
2018-09-11 00:00:00,197.3700000
2018-09-12 00:00:00,185.1746591
2018-09-13 00:00:00,183.1700000
2018-09-14 00:00:00,211.0900000
2018-09-15 00:00:00,208.4900000
2018-09-16 00:00:00,221.4800000
2018-09-17 00:00:00,220.1800000
2018-09-18 00:00:00,196.0300000
2018-09-19 00:00:00,208.3600000
2018-09-20 00:00:00,209.8300000
2018-09-21 00:00:00,225.0000000
2018-09-22 00:00:00,247.8100000
2018-09-23 00:00:00,240.9900000
2018-09-24 00:00:00,244.7000000
2018-09-25 00:00:00,227.8411289
2018-09-26 00:00:00,219.2500000
2018-09-27 00:00:00,214.2600000
2018-09-28 00:00:00,229.2400000
2018-09-29 00:00:00,221.9200000
2018-09-30 00:00:00,231.5200000
2018-10-01 00:00:00,232.9600000
2018-10-02 00:00:00,231.4900000
2018-10-03 00:00:00,225.9700000
2018-10-04 00:00:00,220.7400000
2018-10-05 00:00:00,222.3700000
2018-10-06 00:00:00,228.5444047
2018-10-07 00:00:00,225.3100000
2018-10-08 00:00:00,226.2900000
2018-10-09 00:00:00,230.2039548
2018-10-10 00:00:00,228.5800000
2018-10-11 00:00:00,226.7000000
2018-10-12 00:00:00,191.1700000
2018-10-13 00:00:00,197.0200000
2018-10-14 00:00:00,201.2200000
2018-10-15 00:00:00,196.7500000
2018-10-16 00:00:00,214.3100000
2018-10-17 00:00:00,215.1300000
2018-10-18 00:00:00,212.8000000
2018-10-19 00:00:00,206.0700000
2018-10-20 00:00:00,204.9200000
2018-10-21 00:00:00,208.1700000
2018-10-22 00:00:00,207.2811566
2018-10-23 00:00:00,206.5600000
2018-10-24 00:00:00,205.8991225
2018-10-25 00:00:00,205.2500000
2018-10-26 00:00:00,203.6800000
2018-10-27 00:00:00,205.0347585
2018-10-28 00:00:00,204.2300000
2018-10-29 00:00:00,205.0100000
2018-10-30 00:00:00,196.9000000
2018-10-31 00:00:00,197.3300000
2018-11-01 00:00:00,198.7000000
2018-11-02 00:00:00,199.8600000
2018-11-03 00:00:00,202.2300000
2018-11-04 00:00:00,200.3000000
2018-11-05 00:00:00,212.3000000
2018-11-06 00:00:00,210.8260306
2018-11-07 00:00:00,220.8400000
2018-11-08 00:00:00,218.9900000
2018-11-09 00:00:00,212.7100000
2018-11-10 00:00:00,211.0100000
2018-11-11 00:00:00,213.1900000
2018-11-12 00:00:00,212.9972489
2018-11-13 00:00:00,212.6776048
2018-11-14 00:00:00,209.8500000
2018-11-15 00:00:00,187.2000000
2018-11-16 00:00:00,184.1500000
2018-11-17 00:00:00,176.9900000
2018-11-18 00:00:00,175.9000000
2018-11-19 00:00:00,178.9900000
2018-11-20 00:00:00,150.9600000
2018-11-21 00:00:00,133.8500000
2018-11-22 00:00:00,138.1800000
2018-11-23 00:00:00,126.3200000
2018-11-24 00:00:00,125.2300000
2018-11-25 00:00:00,114.7900000
2018-11-26 00:00:00,118.7300000
2018-11-27 00:00:00,110.7440988
2018-11-28 00:00:00,111.7200000
2018-11-29 00:00:00,124.0400000
2018-11-30 00:00:00,118.5200000
2018-12-01 00:00:00,113.6400000
2018-12-02 00:00:00,119.6500000
2018-12-03 00:00:00,117.1112929
2018-12-04 00:00:00,109.2300000
2018-12-05 00:00:00,110.7700000
2018-12-06 00:00:00,102.6500000
2018-12-07 00:00:00,91.9900000
2018-12-08 00:00:00,94.7900000
2018-12-09 00:00:00,92.7880000
2018-12-10 00:00:00,95.8470000
2018-12-11 00:00:00,92.2100000
2018-12-12 00:00:00,89.1380000
2018-12-13 00:00:00,91.8330000
2018-12-14 00:00:00,87.9010000
2018-12-15 00:00:00,85.1930000
2018-12-16 00:00:00,85.7400000
2018-12-17 00:00:00,86.6010000
2018-12-18 00:00:00,97.2490000
2018-12-19 00:00:00,104.0900000
2018-12-20 00:00:00,102.3800000
2018-12-21 00:00:00,118.3700000
2018-12-22 00:00:00,111.3200000
2018-12-23 00:00:00,120.4900000
2018-12-24 00:00:00,133.7600000
2018-12-25 00:00:00,142.4600000
2018-12-26 00:00:00,133.0000000
2018-12-27 00:00:00,134.6000000
2018-12-28 00:00:00,118.5800000
2018-12-29 00:00:00,142.1400000
2018-12-30 00:00:00,140.3310140
2018-12-31 00:00:00,144.2100000
2019-01-01 00:00:00,136.0000000
2019-01-02 00:00:00,145.0500000
2019-01-03 00:00:00,159.5116318
2019-01-04 00:00:00,152.4168646
2019-01-05 00:00:00,158.7100000
2019-01-06 00:00:00,158.3600000
2019-01-07 00:00:00,160.7600000
2019-01-08 00:00:00,154.7900000
2019-01-09 00:00:00,152.8800000
2019-01-10 00:00:00,152.6623428
2019-01-11 00:00:00,129.5200000
2019-01-12 00:00:00,128.7600000
2019-01-13 00:00:00,127.3900000
2019-01-14 00:00:00,117.9400000
2019-01-15 00:00:00,131.4592146
2019-01-16 00:00:00,122.6000000
2019-01-17 00:00:00,124.4200000
2019-01-18 00:00:00,125.2400000
2019-01-19 00:00:00,121.8800000
2019-01-20 00:00:00,126.0000000
2019-01-21 00:00:00,119.0800000
2019-01-22 00:00:00,117.4200000
2019-01-23 00:00:00,120.1900000
2019-01-24 00:00:00,118.7589289
2019-01-25 00:00:00,119.0500000
2019-01-26 00:00:00,117.2700000
2019-01-27 00:00:00,117.2800000
2019-01-28 00:00:00,113.4400000
2019-01-29 00:00:00,107.5000000
2019-01-30 00:00:00,106.3200000
2019-01-31 00:00:00,110.5512573
2019-02-01 00:00:00,108.6100000
2019-02-02 00:00:00,109.0100000
2019-02-03 00:00:00,112.7000000
2019-02-04 00:00:00,108.5800000
2019-02-05 00:00:00,108.4500000
2019-02-06 00:00:00,108.6900000
2019-02-07 00:00:00,106.0600000
2019-02-08 00:00:00,105.7800000
2019-02-09 00:00:00,121.2200000
2019-02-10 00:00:00,121.0800000
2019-02-11 00:00:00,127.3100000
2019-02-12 00:00:00,122.6892841
2019-02-13 00:00:00,124.6700000
2019-02-14 00:00:00,123.8500000
2019-02-15 00:00:00,122.5300000
2019-02-16 00:00:00,123.7800000
2019-02-17 00:00:00,124.6800000
2019-02-18 00:00:00,136.1700000
2019-02-19 00:00:00,148.8700000
2019-02-20 00:00:00,146.6100000
2019-02-21 00:00:00,151.3600000
2019-02-22 00:00:00,148.3030345
2019-02-23 00:00:00,151.2700000
2019-02-24 00:00:00,161.5400000
2019-02-25 00:00:00,135.3000000
2019-02-26 00:00:00,141.1700000
2019-02-27 00:00:00,139.3600000
2019-02-28 00:00:00,137.7200000
2019-03-01 00:00:00,138.1800000
2019-03-02 00:00:00,138.5300000
2019-03-03 00:00:00,135.5900000
2019-03-04 00:00:00,133.2764554
2019-03-05 00:00:00,128.3900000
2019-03-06 00:00:00,140.0370839
2019-03-07 00:00:00,140.5695860
2019-03-08 00:00:00,140.0300000
2019-03-09 00:00:00,136.1900000
2019-03-10 00:00:00,140.0400000
2019-03-11 00:00:00,138.1986886
2019-03-12 00:00:00,135.4100000
2019-03-13 00:00:00,136.2638606
2019-03-14 00:00:00,134.5100000
2019-03-15 00:00:00,134.7100000
2019-03-16 00:00:00,139.2700000
2019-03-17 00:00:00,143.7916821
2019-03-18 00:00:00,141.7200000
2019-03-19 00:00:00,140.5900000
2019-03-20 00:00:00,141.6400000
2019-03-21 00:00:00,142.1700000
2019-03-22 00:00:00,136.9900000
2019-03-23 00:00:00,137.8600000
2019-03-24 00:00:00,139.2500000
2019-03-25 00:00:00,137.8200000
2019-03-26 00:00:00,135.1415575
2019-03-27 00:00:00,135.4000000
2019-03-28 00:00:00,141.6500000
2019-03-29 00:00:00,140.2600000
2019-03-30 00:00:00,146.2000000
2019-03-31 00:00:00,144.6500000
2019-04-01 00:00:00,143.7800000
2019-04-02 00:00:00,143.1472447
2019-04-03 00:00:00,165.5000000
2019-04-04 00:00:00,161.1600000
2019-04-05 00:00:00,158.6700000
2019-04-06 00:00:00,167.3300000
2019-04-07 00:00:00,167.1200000
2019-04-08 00:00:00,176.7500000
2019-04-09 00:00:00,181.4100000
2019-04-10 00:00:00,176.8000000
2019-04-11 00:00:00,177.2600000
2019-04-12 00:00:00,165.5900000
2019-04-13 00:00:00,165.2988922
2019-04-14 00:00:00,165.2000000
2019-04-15 00:00:00,169.1300000
2019-04-16 00:00:00,160.2200000
2019-04-17 00:00:00,167.4200000
2019-04-18 00:00:00,167.4900000
2019-04-19 00:00:00,175.1000000
2019-04-20 00:00:00,174.6100000
2019-04-21 00:00:00,174.2800000
2019-04-22 00:00:00,170.4900000
2019-04-23 00:00:00,172.2300000
2019-04-24 00:00:00,170.7700000
2019-04-25 00:00:00,166.7000000
2019-04-26 00:00:00,154.5400000
2019-04-27 00:00:00,161.0100000
2019-04-28 00:00:00,162.7300000
2019-04-29 00:00:00,163.1300000
2019-04-30 00:00:00,162.3500000
2019-05-01 00:00:00,170.5300000
2019-05-02 00:00:00,167.6745911
2019-05-03 00:00:00,169.2500000
2019-05-04 00:00:00,175.3400000
2019-05-05 00:00:00,171.0100000
2019-05-06 00:00:00,171.0000000
2019-05-07 00:00:00,181.6000000
2019-05-08 00:00:00,176.5300000
2019-05-09 00:00:00,177.1100000
2019-05-10 00:00:00,173.4300000
2019-05-11 00:00:00,174.2700000
2019-05-12 00:00:00,190.4700000
2019-05-13 00:00:00,188.1700000
2019-05-14 00:00:00,195.0200000
2019-05-15 00:00:00,216.5000000
2019-05-16 00:00:00,246.5800000
2019-05-17 00:00:00,263.6500000
2019-05-18 00:00:00,246.2900000
2019-05-19 00:00:00,233.4800000
2019-05-20 00:00:00,260.2900000
2019-05-21 00:00:00,252.3800000
2019-05-22 00:00:00,254.3200000
2019-05-23 00:00:00,243.5900000
2019-05-24 00:00:00,245.4100000
2019-05-25 00:00:00,249.5700000
2019-05-26 00:00:00,250.9600000
2019-05-27 00:00:00,268.5000000
2019-05-28 00:00:00,272.6200000
2019-05-29 00:00:00,272.0600000
2019-05-30 00:00:00,270.2500000
2019-05-31 00:00:00,254.4885857
2019-06-01 00:00:00,267.1400000
2019-06-02 00:00:00,264.3400000
2019-06-03 00:00:00,269.4700000
2019-06-04 00:00:00,249.3779797
2019-06-05 00:00:00,241.7000000
2019-06-06 00:00:00,246.1400000
2019-06-07 00:00:00,250.0500000
2019-06-08 00:00:00,249.6900000
2019-06-09 00:00:00,244.3500000
2019-06-10 00:00:00,231.2600000
2019-06-11 00:00:00,247.8500000
2019-06-12 00:00:00,245.1700000
2019-06-13 00:00:00,262.7500000
2019-06-14 00:00:00,254.6029058
2019-06-15 00:00:00,263.7200000
2019-06-16 00:00:00,269.2100000
2019-06-17 00:00:00,268.9900000
2019-06-18 00:00:00,274.3500000
2019-06-19 00:00:00,264.8600000
2019-06-20 00:00:00,269.4900000
2019-06-21 00:00:00,272.9300000
2019-06-22 00:00:00,296.2200000
2019-06-23 00:00:00,311.2500000
2019-06-24 00:00:00,308.4200000
2019-06-25 00:00:00,311.7000000
2019-06-26 00:00:00,316.3400000
2019-06-27 00:00:00,332.0000000
2019-06-28 00:00:00,294.7700000
2019-06-29 00:00:00,308.8700000
2019-06-30 00:00:00,317.7811735
2019-07-01 00:00:00,290.8000000
2019-07-02 00:00:00,295.5800000
2019-07-03 00:00:00,292.7133682
2019-07-04 00:00:00,302.2190117
2019-07-05 00:00:00,283.1900000
2019-07-06 00:00:00,288.0100000
2019-07-07 00:00:00,288.6100000
2019-07-08 00:00:00,306.5700000
2019-07-09 00:00:00,313.4400000
2019-07-10 00:00:00,307.8400000
2019-07-11 00:00:00,288.7200000
2019-07-12 00:00:00,268.5400000
2019-07-13 00:00:00,274.8700000
2019-07-14 00:00:00,268.0700000
2019-07-15 00:00:00,225.9900000
2019-07-16 00:00:00,227.5900000
2019-07-17 00:00:00,198.6700000
2019-07-18 00:00:00,211.1254472
2019-07-19 00:00:00,225.8200000
2019-07-20 00:00:00,221.1500000
2019-07-21 00:00:00,228.3000000
2019-07-22 00:00:00,225.1800000
2019-07-23 00:00:00,217.2800000
2019-07-24 00:00:00,212.2119451
2019-07-25 00:00:00,216.6500000
2019-07-26 00:00:00,219.4000000
2019-07-27 00:00:00,219.0200000
2019-07-28 00:00:00,207.2000000
2019-07-29 00:00:00,211.2200000
2019-07-30 00:00:00,210.8100000
2019-07-31 00:00:00,209.7400000
2019-08-01 00:00:00,218.7400000
2019-08-02 00:00:00,217.5600000
2019-08-03 00:00:00,217.6000000
2019-08-04 00:00:00,222.0000000
2019-08-05 00:00:00,222.4500000
2019-08-06 00:00:00,233.6241024
2019-08-07 00:00:00,225.8800000
2019-08-08 00:00:00,226.3500000
2019-08-09 00:00:00,222.0000000
2019-08-10 00:00:00,210.8200000
2019-08-11 00:00:00,206.5600000
2019-08-12 00:00:00,217.0073521
2019-08-13 00:00:00,211.7200000
2019-08-14 00:00:00,209.5300000
2019-08-15 00:00:00,187.2800000
2019-08-16 00:00:00,188.3500000
2019-08-17 00:00:00,185.6100000
2019-08-18 00:00:00,185.8000000
2019-08-19 00:00:00,194.9000000
2019-08-20 00:00:00,202.6400000
2019-08-21 00:00:00,196.9780904
2019-08-22 00:00:00,187.6600000
2019-08-23 00:00:00,190.6931373
2019-08-24 00:00:00,194.7800000
2019-08-25 00:00:00,191.0800000
2019-08-26 00:00:00,186.3700000
2019-08-27 00:00:00,188.6200000
2019-08-28 00:00:00,187.3000000
2019-08-29 00:00:00,173.0800000
2019-08-30 00:00:00,169.4200000
2019-08-31 00:00:00,168.8400000
2019-09-01 00:00:00,172.1000000
2019-09-02 00:00:00,171.4600000
2019-09-03 00:00:00,178.7000000
2019-09-04 00:00:00,179.4300000
2019-09-05 00:00:00,175.1200000
2019-09-06 00:00:00,174.0300000
2019-09-07 00:00:00,169.3000000
2019-09-08 00:00:00,178.4100000
2019-09-09 00:00:00,181.8800000
2019-09-10 00:00:00,180.7400000
2019-09-11 00:00:00,180.2500000
2019-09-12 00:00:00,178.6700000
2019-09-13 00:00:00,181.4400000
2019-09-14 00:00:00,181.6500000
2019-09-15 00:00:00,189.1023496
2019-09-16 00:00:00,189.6300000
2019-09-17 00:00:00,198.2500000
2019-09-18 00:00:00,208.5100000
2019-09-19 00:00:00,210.7400000
2019-09-20 00:00:00,221.3500000
2019-09-21 00:00:00,218.7200000
2019-09-22 00:00:00,215.5600000
2019-09-23 00:00:00,211.7500000
2019-09-24 00:00:00,201.2100000
2019-09-25 00:00:00,166.4600000
2019-09-26 00:00:00,170.8100000
2019-09-27 00:00:00,166.7600000
2019-09-28 00:00:00,174.6800000
2019-09-29 00:00:00,174.3400000
2019-09-30 00:00:00,169.9100000
2019-10-01 00:00:00,182.0800000
2019-10-02 00:00:00,176.4400000
2019-10-03 00:00:00,181.3100000
2019-10-04 00:00:00,175.3742803
2019-10-05 00:00:00,176.2900000
2019-10-06 00:00:00,176.9400000
2019-10-07 00:00:00,170.4900000
2019-10-08 00:00:00,180.7800000
2019-10-09 00:00:00,181.4179271
2019-10-10 00:00:00,193.5900000
2019-10-11 00:00:00,192.1200000
2019-10-12 00:00:00,181.1000000
2019-10-13 00:00:00,180.0700000
2019-10-14 00:00:00,181.5100000
2019-10-15 00:00:00,187.2200000
2019-10-16 00:00:00,181.0400000
2019-10-17 00:00:00,175.0000000
2019-10-18 00:00:00,177.6700000
2019-10-19 00:00:00,173.6715874
2019-10-20 00:00:00,172.6900000
2019-10-21 00:00:00,176.1000000
2019-10-22 00:00:00,175.0209091
2019-10-23 00:00:00,171.8200000
2019-10-24 00:00:00,162.9500000
2019-10-25 00:00:00,161.1600000
2019-10-26 00:00:00,181.9640416
2019-10-27 00:00:00,180.3400000
2019-10-28 00:00:00,184.7200000
2019-10-29 00:00:00,182.2400000
2019-10-30 00:00:00,191.2200000
2019-10-31 00:00:00,183.7900000
2019-11-01 00:00:00,183.0400000
2019-11-02 00:00:00,184.0000000
2019-11-03 00:00:00,183.9286361
2019-11-04 00:00:00,182.1700000
2019-11-05 00:00:00,186.7900000
2019-11-06 00:00:00,189.2300000
2019-11-07 00:00:00,191.6100000
2019-11-08 00:00:00,186.6700000
2019-11-09 00:00:00,183.9982933
2019-11-10 00:00:00,185.0300000
2019-11-11 00:00:00,189.6800000
2019-11-12 00:00:00,185.1200000
2019-11-13 00:00:00,187.3100000
2019-11-14 00:00:00,188.7000000
2019-11-15 00:00:00,185.0561680
2019-11-16 00:00:00,180.2200000
2019-11-17 00:00:00,182.9700000
2019-11-18 00:00:00,184.4800000
2019-11-19 00:00:00,178.6200000
2019-11-20 00:00:00,176.4600000
2019-11-21 00:00:00,175.2600000
2019-11-22 00:00:00,162.0300000
2019-11-23 00:00:00,150.4800000
2019-11-24 00:00:00,152.8200000
2019-11-25 00:00:00,141.1700000
2019-11-26 00:00:00,146.7800000
2019-11-27 00:00:00,148.3600000
2019-11-28 00:00:00,153.2700000
2019-11-29 00:00:00,151.4000000
2019-11-30 00:00:00,155.5400000
2019-12-01 00:00:00,152.4539615
2019-12-02 00:00:00,152.0400000
2019-12-03 00:00:00,149.6400000
2019-12-04 00:00:00,148.1400000
2019-12-05 00:00:00,146.3000000
2019-12-06 00:00:00,149.0500000
2019-12-07 00:00:00,149.6860616
2019-12-08 00:00:00,148.1200000
2019-12-09 00:00:00,151.3800000
2019-12-10 00:00:00,148.0200000
2019-12-11 00:00:00,146.3600000
2019-12-12 00:00:00,143.9146106
2019-12-13 00:00:00,145.5000000
2019-12-14 00:00:00,145.3900000
2019-12-15 00:00:00,142.5600000
2019-12-16 00:00:00,143.1000000
2019-12-17 00:00:00,133.3179357
2019-12-18 00:00:00,122.8100000
2019-12-19 00:00:00,133.6500000
2019-12-20 00:00:00,128.8200000
2019-12-21 00:00:00,128.9300000
2019-12-22 00:00:00,127.5000000
2019-12-23 00:00:00,132.8400000
2019-12-24 00:00:00,128.1900000
2019-12-25 00:00:00,128.0300000
2019-12-26 00:00:00,125.3900000
2019-12-27 00:00:00,126.1765230
2019-12-28 00:00:00,126.9000000
2019-12-29 00:00:00,128.4900000
2019-12-30 00:00:00,134.8862435
2019-12-31 00:00:00,131.7300000
2020-01-01 00:00:00,129.2900000
2020-01-02 00:00:00,130.9000000
2020-01-03 00:00:00,127.5609376
2020-01-04 00:00:00,134.9200000
2020-01-05 00:00:00,134.5500000
2020-01-06 00:00:00,135.5500000
2020-01-07 00:00:00,144.1168697
2020-01-08 00:00:00,142.9500000
2020-01-09 00:00:00,140.5000000
2020-01-10 00:00:00,137.6800000
2020-01-11 00:00:00,144.5900000
2020-01-12 00:00:00,142.4100000
2020-01-13 00:00:00,146.3500000
2020-01-14 00:00:00,143.4900000
2020-01-15 00:00:00,164.9882610
2020-01-16 00:00:00,166.1100000
2020-01-17 00:00:00,164.0100000
2020-01-18 00:00:00,169.1900000
2020-01-19 00:00:00,173.5900000
2020-01-20 00:00:00,166.7341562
2020-01-21 00:00:00,166.8700000
2020-01-22 00:00:00,169.3300000
2020-01-23 00:00:00,167.7000000
2020-01-24 00:00:00,162.7300000
2020-01-25 00:00:00,162.6900000
2020-01-26 00:00:00,160.4700000
2020-01-27 00:00:00,168.1600000
2020-01-28 00:00:00,170.1400000
2020-01-29 00:00:00,175.9800000
2020-01-30 00:00:00,173.7500000
2020-01-31 00:00:00,184.4900000
2020-02-01 00:00:00,180.2700000
2020-02-02 00:00:00,184.0700000
2020-02-03 00:00:00,188.8500000
2020-02-04 00:00:00,190.1900000
2020-02-05 00:00:00,189.0600000
2020-02-06 00:00:00,203.7800000
2020-02-07 00:00:00,212.5957428
2020-02-08 00:00:00,223.0300000
2020-02-09 00:00:00,222.6400000
2020-02-10 00:00:00,228.3300000
2020-02-11 00:00:00,223.1400000
2020-02-12 00:00:00,237.0200000
2020-02-13 00:00:00,265.5400000
2020-02-14 00:00:00,268.1559878
2020-02-15 00:00:00,284.9764230
2020-02-16 00:00:00,264.9300000
2020-02-17 00:00:00,258.9900000
2020-02-18 00:00:00,268.2000000
2020-02-19 00:00:00,283.0000000
2020-02-20 00:00:00,258.5000000
2020-02-21 00:00:00,257.4423412
2020-02-22 00:00:00,265.5000000
2020-02-23 00:00:00,262.1300000
2020-02-24 00:00:00,275.5900000
2020-02-25 00:00:00,265.9200000
2020-02-26 00:00:00,247.3600000
2020-02-27 00:00:00,224.1000000
2020-02-28 00:00:00,227.5319367
2020-02-29 00:00:00,227.8200000
2020-03-01 00:00:00,218.2800000
2020-03-02 00:00:00,218.5700000
2020-03-03 00:00:00,232.5500000
2020-03-04 00:00:00,224.6600000
2020-03-05 00:00:00,225.0994021
2020-03-06 00:00:00,229.3600000
2020-03-07 00:00:00,246.0200000
2020-03-08 00:00:00,238.1800000
2020-03-09 00:00:00,200.2000000
2020-03-10 00:00:00,203.5500000
2020-03-11 00:00:00,201.3200000
2020-03-12 00:00:00,195.5800000
2020-03-13 00:00:00,109.2900000
2020-03-14 00:00:00,135.2200000
2020-03-15 00:00:00,123.3800000
2020-03-16 00:00:00,124.3400000
2020-03-17 00:00:00,111.8100000
2020-03-18 00:00:00,116.3000000
2020-03-19 00:00:00,118.6600000
2020-03-20 00:00:00,136.4900000
2020-03-21 00:00:00,133.5200000
2020-03-22 00:00:00,132.7500000
2020-03-23 00:00:00,122.2900000
2020-03-24 00:00:00,136.4500000
2020-03-25 00:00:00,138.7600000
2020-03-26 00:00:00,136.1500000
2020-03-27 00:00:00,138.7600000
2020-03-28 00:00:00,131.2000000
2020-03-29 00:00:00,131.2400000
2020-03-30 00:00:00,124.7800000
2020-03-31 00:00:00,132.3200000
2020-04-01 00:00:00,133.1200000
2020-04-02 00:00:00,136.4600000
2020-04-03 00:00:00,141.8000000
2020-04-04 00:00:00,141.5900000
2020-04-05 00:00:00,144.6248393
2020-04-06 00:00:00,142.9500000
2020-04-07 00:00:00,171.3900000
2020-04-08 00:00:00,164.8900000
2020-04-09 00:00:00,173.2900000
2020-04-10 00:00:00,170.0078225
2020-04-11 00:00:00,158.1000000
2020-04-12 00:00:00,158.6900000
2020-04-13 00:00:00,158.9200000
2020-04-14 00:00:00,156.6434173
2020-04-15 00:00:00,158.5500000
2020-04-16 00:00:00,153.0050905
2020-04-17 00:00:00,172.5437388
2020-04-18 00:00:00,171.2400000
2020-04-19 00:00:00,187.8600000
2020-04-20 00:00:00,180.4400000
2020-04-21 00:00:00,170.5100000
2020-04-22 00:00:00,170.7895667
2020-04-23 00:00:00,182.9900000
2020-04-24 00:00:00,185.8361341
2020-04-25 00:00:00,187.7100000
2020-04-26 00:00:00,194.1200000
2020-04-27 00:00:00,197.4923796
2020-04-28 00:00:00,196.6300000
2020-04-29 00:00:00,196.6300000
2020-04-30 00:00:00,215.3100000
2020-05-01 00:00:00,206.3400000
2020-05-02 00:00:00,211.6932216
2020-05-03 00:00:00,214.0900000
2020-05-04 00:00:00,209.8700000
2020-05-05 00:00:00,206.5900000
2020-05-06 00:00:00,205.3200000
2020-05-07 00:00:00,198.9400000
2020-05-08 00:00:00,212.2400000
2020-05-09 00:00:00,211.2500000
2020-05-10 00:00:00,209.8800000
2020-05-11 00:00:00,187.6500000
2020-05-12 00:00:00,185.5909478
2020-05-13 00:00:00,189.7742243
2020-05-14 00:00:00,199.8900000
2020-05-15 00:00:00,203.3700000
2020-05-16 00:00:00,194.5941652
2020-05-17 00:00:00,200.4700000
2020-05-18 00:00:00,206.9700000
2020-05-19 00:00:00,214.5900000
2020-05-20 00:00:00,214.5100000
2020-05-21 00:00:00,209.6800000
2020-05-22 00:00:00,198.5500000
2020-05-23 00:00:00,207.5000000
2020-05-24 00:00:00,206.8000000
2020-05-25 00:00:00,199.6062203
2020-05-26 00:00:00,204.0678730
2020-05-27 00:00:00,201.1200000
2020-05-28 00:00:00,208.5483672
2020-05-29 00:00:00,220.6000000
2020-05-30 00:00:00,220.5453675
2020-05-31 00:00:00,243.6400000
2020-06-01 00:00:00,231.3900000
2020-06-02 00:00:00,248.8233016
2020-06-03 00:00:00,237.7500000
2020-06-04 00:00:00,244.8500000
2020-06-05 00:00:00,243.3900000
2020-06-06 00:00:00,240.0100000
2020-06-07 00:00:00,242.1010322
2020-06-08 00:00:00,244.7800000
2020-06-09 00:00:00,246.5200000
2020-06-10 00:00:00,243.8800000
2020-06-11 00:00:00,248.4200000
2020-06-12 00:00:00,230.3100000
2020-06-13 00:00:00,237.6500000
2020-06-14 00:00:00,238.4800000
2020-06-15 00:00:00,231.9000000
2020-06-16 00:00:00,231.1400000
2020-06-17 00:00:00,235.6400000
2020-06-18 00:00:00,234.1600000
2020-06-19 00:00:00,231.5000000
2020-06-20 00:00:00,229.0500000
2020-06-21 00:00:00,229.2200000
2020-06-22 00:00:00,227.7970864
2020-06-23 00:00:00,243.4900000
2020-06-24 00:00:00,243.4900000
2020-06-25 00:00:00,234.6800000
2020-06-26 00:00:00,232.6900000
2020-06-27 00:00:00,229.8300000
2020-06-28 00:00:00,221.0300000
2020-06-29 00:00:00,225.1204111
2020-06-30 00:00:00,228.0700000
2020-07-01 00:00:00,225.8800000
2020-07-02 00:00:00,231.2900000
2020-07-03 00:00:00,226.6600000
2020-07-04 00:00:00,225.2100000
2020-07-05 00:00:00,229.5900000
2020-07-06 00:00:00,227.9400000
2020-07-07 00:00:00,242.1500000
2020-07-08 00:00:00,239.6400000
2020-07-09 00:00:00,247.4600000
2020-07-10 00:00:00,242.3700000
2020-07-11 00:00:00,241.5773233
2020-07-12 00:00:00,239.5490428
2020-07-13 00:00:00,243.2900000
2020-07-14 00:00:00,239.9000000
2020-07-15 00:00:00,240.6200000
2020-07-16 00:00:00,238.9400000
2020-07-17 00:00:00,233.9449076
2020-07-18 00:00:00,233.0400000
2020-07-19 00:00:00,236.1248534
2020-07-20 00:00:00,239.6700000
2020-07-21 00:00:00,236.4500000
2020-07-22 00:00:00,246.0400000
2020-07-23 00:00:00,264.7000000
2020-07-24 00:00:00,275.5820013
2020-07-25 00:00:00,279.9100000
2020-07-26 00:00:00,305.7300000
2020-07-27 00:00:00,311.5091808
2020-07-28 00:00:00,322.4000000
2020-07-29 00:00:00,317.4600000
2020-07-30 00:00:00,318.4600000
2020-07-31 00:00:00,335.3600000
2020-08-01 00:00:00,346.8149548
2020-08-02 00:00:00,387.0300000
2020-08-03 00:00:00,372.0604176
2020-08-04 00:00:00,385.7700000
2020-08-05 00:00:00,389.6300000
2020-08-06 00:00:00,400.7300000
2020-08-07 00:00:00,394.7000000
2020-08-08 00:00:00,378.8600000
2020-08-09 00:00:00,396.8300000
2020-08-10 00:00:00,390.1900000
2020-08-11 00:00:00,395.8600000
2020-08-12 00:00:00,378.5800000
2020-08-13 00:00:00,388.4000000
2020-08-14 00:00:00,425.2404851
2020-08-15 00:00:00,438.2900000
2020-08-16 00:00:00,433.1800000
2020-08-17 00:00:00,434.5500000
2020-08-18 00:00:00,431.6139532
2020-08-19 00:00:00,422.1933352
2020-08-20 00:00:00,408.4600000
2020-08-21 00:00:00,416.5800000
2020-08-22 00:00:00,387.8400000
2020-08-23 00:00:00,395.8200000
2020-08-24 00:00:00,391.1000000
2020-08-25 00:00:00,408.2200000
2020-08-26 00:00:00,383.6100000
2020-08-27 00:00:00,386.2700000
2020-08-28 00:00:00,383.7000000
2020-08-29 00:00:00,395.7300000
2020-08-30 00:00:00,399.3100000
2020-08-31 00:00:00,429.5500000
2020-09-01 00:00:00,434.4836243
2020-09-02 00:00:00,476.0381305
2020-09-03 00:00:00,440.0466828
2020-09-04 00:00:00,382.0600000
2020-09-05 00:00:00,386.3600000
2020-09-06 00:00:00,335.9983198
2020-09-07 00:00:00,353.5200000
2020-09-08 00:00:00,354.3400000
2020-09-09 00:00:00,338.0000000
2020-09-10 00:00:00,351.6000000
2020-09-11 00:00:00,368.3800000
2020-09-12 00:00:00,374.1400000
2020-09-13 00:00:00,388.1000000
2020-09-14 00:00:00,366.2408141
2020-09-15 00:00:00,377.4300000
2020-09-16 00:00:00,364.4033788
2020-09-17 00:00:00,365.7146369
2020-09-18 00:00:00,390.0000000
2020-09-19 00:00:00,384.9920738
2020-09-20 00:00:00,386.1600000
2020-09-21 00:00:00,371.6200000
2020-09-22 00:00:00,341.0000000
2020-09-23 00:00:00,344.7200000
2020-09-24 00:00:00,321.3700735
2020-09-25 00:00:00,349.4700000
2020-09-26 00:00:00,352.6156549
2020-09-27 00:00:00,354.9120999
2020-09-28 00:00:00,358.5600000
2020-09-29 00:00:00,354.5493818
2020-09-30 00:00:00,360.6699817
2020-10-01 00:00:00,360.4529963
2020-10-02 00:00:00,353.2900000
2020-10-03 00:00:00,346.2400000
2020-10-04 00:00:00,346.4200000
2020-10-05 00:00:00,352.9700000
2020-10-06 00:00:00,354.2600000
2020-10-07 00:00:00,341.0858159
2020-10-08 00:00:00,342.3100000
2020-10-09 00:00:00,351.7347877
2020-10-10 00:00:00,365.7100000
2020-10-11 00:00:00,371.1500000
2020-10-12 00:00:00,374.6500000
2020-10-13 00:00:00,387.3900000
2020-10-14 00:00:00,381.7400000
2020-10-15 00:00:00,379.3715145
2020-10-16 00:00:00,377.9000000
2020-10-17 00:00:00,365.8200000
2020-10-18 00:00:00,368.6800000
2020-10-19 00:00:00,378.7500000
2020-10-20 00:00:00,379.6304694
2020-10-21 00:00:00,368.7900000
2020-10-22 00:00:00,391.2800000
2020-10-23 00:00:00,414.3000000
2020-10-24 00:00:00,409.5835967
2020-10-25 00:00:00,412.5400000
2020-10-26 00:00:00,405.9700000
2020-10-27 00:00:00,392.8099606
2020-10-28 00:00:00,403.2200000
2020-10-29 00:00:00,388.4723690
2020-10-30 00:00:00,386.9000000
2020-10-31 00:00:00,382.9053919
2020-11-01 00:00:00,386.3265869
2020-11-02 00:00:00,396.6600000
2020-11-03 00:00:00,383.3500000
2020-11-04 00:00:00,388.1735307
2020-11-05 00:00:00,402.7800000
2020-11-06 00:00:00,416.3200000
2020-11-07 00:00:00,455.6500000
2020-11-08 00:00:00,435.9550731
2020-11-09 00:00:00,455.0900000
2020-11-10 00:00:00,444.5400000
2020-11-11 00:00:00,450.5900000
2020-11-12 00:00:00,463.8100000
2020-11-13 00:00:00,462.4500000
2020-11-14 00:00:00,476.3000000
2020-11-15 00:00:00,460.5400000
2020-11-16 00:00:00,448.4172094
2020-11-17 00:00:00,460.6600000
2020-11-18 00:00:00,482.5168076
2020-11-19 00:00:00,478.4504690
2020-11-20 00:00:00,471.4400000
2020-11-21 00:00:00,510.3000000
2020-11-22 00:00:00,551.4200000
2020-11-23 00:00:00,558.0000000
2020-11-24 00:00:00,608.4200000
2020-11-25 00:00:00,604.1800000
2020-11-26 00:00:00,569.6300000
2020-11-27 00:00:00,521.5300000
2020-11-28 00:00:00,519.5500000
2020-11-29 00:00:00,538.0900000
2020-11-30 00:00:00,576.3700000
2020-12-01 00:00:00,616.0000000
2020-12-02 00:00:00,587.0300000
2020-12-03 00:00:00,597.8800000
2020-12-04 00:00:00,616.4100000
2020-12-05 00:00:00,567.6000000
2020-12-06 00:00:00,597.5500000
2020-12-07 00:00:00,602.6900000
2020-12-08 00:00:00,592.0200000
2020-12-09 00:00:00,555.0000000
2020-12-10 00:00:00,573.4700000
2020-12-11 00:00:00,559.1700000
2020-12-12 00:00:00,544.8500000
2020-12-13 00:00:00,568.3000000
2020-12-14 00:00:00,591.1800000
2020-12-15 00:00:00,586.5100000
2020-12-16 00:00:00,589.6500000
2020-12-17 00:00:00,636.4500000
2020-12-18 00:00:00,642.1000000
2020-12-19 00:00:00,654.4100000
2020-12-20 00:00:00,657.9100000
2020-12-21 00:00:00,637.4547275
2020-12-22 00:00:00,607.4000000
2020-12-23 00:00:00,636.1800000
2020-12-24 00:00:00,584.4756635
2020-12-25 00:00:00,612.5600000
2020-12-26 00:00:00,627.5249380
2020-12-27 00:00:00,635.8600000
2020-12-28 00:00:00,684.0600000
2020-12-29 00:00:00,729.5100000
2020-12-30 00:00:00,730.3100000
2020-12-31 00:00:00,752.5400000
2021-01-01 00:00:00,736.2200000
2021-01-02 00:00:00,729.4600000
2021-01-03 00:00:00,774.8200000
2021-01-04 00:00:00,976.3200000
2021-01-05 00:00:00,1041.2000000
2021-01-06 00:00:00,1101.7000000
2021-01-07 00:00:00,1209.4000000
2021-01-08 00:00:00,1221.5000000
2021-01-09 00:00:00,1214.6000000
2021-01-10 00:00:00,1278.9793640
2021-01-11 00:00:00,1255.9000000
2021-01-12 00:00:00,1087.0000000
2021-01-13 00:00:00,1051.7000000
2021-01-14 00:00:00,1128.1000000
2021-01-15 00:00:00,1230.8000000
2021-01-16 00:00:00,1167.6000000
2021-01-17 00:00:00,1229.0000000
2021-01-18 00:00:00,1235.1000000
2021-01-19 00:00:00,1261.7000000
2021-01-20 00:00:00,1365.8000000
2021-01-21 00:00:00,1378.2546293
2021-01-22 00:00:00,1112.0000000
2021-01-23 00:00:00,1235.6000000
2021-01-24 00:00:00,1233.6000000
2021-01-25 00:00:00,1395.1000000
2021-01-26 00:00:00,1317.4000000
2021-01-27 00:00:00,1366.9000000
2021-01-28 00:00:00,1240.2000000
2021-01-29 00:00:00,1328.7751756
2021-01-30 00:00:00,1379.7000000
2021-01-31 00:00:00,1379.7000000
2021-02-01 00:00:00,1313.8686084
2021-02-02 00:00:00,1376.3000000
2021-02-03 00:00:00,1515.9000000
2021-02-04 00:00:00,1662.5000000
2021-02-05 00:00:00,1596.2000000
2021-02-06 00:00:00,1717.5000000
2021-02-07 00:00:00,1677.0000000
2021-02-08 00:00:00,1613.4000000
2021-02-09 00:00:00,1755.0000000
2021-02-10 00:00:00,1771.8000000
2021-02-11 00:00:00,1742.5000000
2021-02-12 00:00:00,1787.1000000
2021-02-13 00:00:00,1842.5000000
2021-02-14 00:00:00,1816.8000000
2021-02-15 00:00:00,1801.3000000
2021-02-16 00:00:00,1778.5000000
2021-02-17 00:00:00,1783.7109810
2021-02-18 00:00:00,1848.7000000
2021-02-19 00:00:00,1938.3000000
2021-02-20 00:00:00,1955.7000000
2021-02-21 00:00:00,1911.1000000
2021-02-22 00:00:00,1932.4000000
2021-02-23 00:00:00,1775.9000000
2021-02-24 00:00:00,1576.6000000
2021-02-25 00:00:00,1624.0000000
2021-02-26 00:00:00,1485.3000000
2021-02-27 00:00:00,1444.1000000
2021-02-28 00:00:00,1459.9000000
2021-03-01 00:00:00,1424.4000000
2021-03-02 00:00:00,1569.7810150
2021-03-03 00:00:00,1490.2000000
2021-03-04 00:00:00,1570.2000000
2021-03-05 00:00:00,1540.9000000
2021-03-06 00:00:00,1531.4780532
2021-03-07 00:00:00,1650.2000000
2021-03-08 00:00:00,1726.3000000
2021-03-09 00:00:00,1833.4000000
2021-03-10 00:00:00,1873.0000000
2021-03-11 00:00:00,1797.6000000
2021-03-12 00:00:00,1829.6000000
2021-03-13 00:00:00,1768.9000000
2021-03-14 00:00:00,1922.9000000
2021-03-15 00:00:00,1847.9683075
2021-03-16 00:00:00,1796.7000000
2021-03-17 00:00:00,1804.9000000
2021-03-18 00:00:00,1821.8524069
2021-03-19 00:00:00,1775.4000000
2021-03-20 00:00:00,1809.2000000
2021-03-21 00:00:00,1804.7000000
2021-03-22 00:00:00,1784.6000000
2021-03-23 00:00:00,1682.0000000
2021-03-24 00:00:00,1668.4000000
2021-03-25 00:00:00,1585.8000000
2021-03-26 00:00:00,1587.1000000
2021-03-27 00:00:00,1698.5000000
2021-03-28 00:00:00,1713.8000000
2021-03-29 00:00:00,1687.2000000
2021-03-30 00:00:00,1818.2000000
2021-03-31 00:00:00,1843.9000000
2021-04-01 00:00:00,1919.3000000
2021-04-02 00:00:00,1967.8000000
2021-04-03 00:00:00,2133.1000000
2021-04-04 00:00:00,2007.1000000
2021-04-05 00:00:00,2077.5000000
2021-04-06 00:00:00,2108.3000000
2021-04-07 00:00:00,2112.7000000
2021-04-08 00:00:00,1964.6000000
2021-04-09 00:00:00,2081.3000000
2021-04-10 00:00:00,2067.4000000
2021-04-11 00:00:00,2136.7000000
2021-04-12 00:00:00,2152.9000000
2021-04-13 00:00:00,2138.2000000
2021-04-14 00:00:00,2296.7000000
2021-04-15 00:00:00,2429.9000000
2021-04-16 00:00:00,2516.6000000
2021-04-17 00:00:00,2421.9000000
2021-04-18 00:00:00,2313.8000000
2021-04-19 00:00:00,2235.9000000
2021-04-20 00:00:00,2160.5328507
2021-04-21 00:00:00,2329.9000000
2021-04-22 00:00:00,2356.1000000
2021-04-23 00:00:00,2399.4000000
2021-04-24 00:00:00,2368.8000000
2021-04-25 00:00:00,2218.1000000
2021-04-26 00:00:00,2323.0000000
2021-04-27 00:00:00,2536.9000000
2021-04-28 00:00:00,2665.7000000
2021-04-29 00:00:00,2748.5000000
2021-04-30 00:00:00,2758.3000000
2021-05-01 00:00:00,2769.4000000
2021-05-02 00:00:00,2943.9000000
2021-05-03 00:00:00,2949.7000000
2021-05-04 00:00:00,3429.6534250
2021-05-05 00:00:00,3242.4484300
2021-05-06 00:00:00,3524.7000000
2021-05-07 00:00:00,3491.3511649
2021-05-08 00:00:00,3482.2000000
2021-05-09 00:00:00,3910.9041577
2021-05-10 00:00:00,3926.9000000
2021-05-11 00:00:00,3945.5040603
2021-05-12 00:00:00,4172.7000000
2021-05-13 00:00:00,3832.9000000
2021-05-14 00:00:00,3722.4356503
2021-05-15 00:00:00,4082.3000000
2021-05-16 00:00:00,3652.9000000
2021-05-17 00:00:00,3593.5000000
2021-05-18 00:00:00,3283.5000000
2021-05-19 00:00:00,3378.6000000
2021-05-20 00:00:00,2441.6000000
2021-05-21 00:00:00,2772.0611258
2021-05-22 00:00:00,2439.7000000
2021-05-23 00:00:00,2302.1336508
2021-05-24 00:00:00,2097.2221859
2021-05-25 00:00:00,2647.7000000
2021-05-26 00:00:00,2707.9000000
2021-05-27 00:00:00,2888.8805268
2021-05-28 00:00:00,2740.9000000
2021-05-29 00:00:00,2409.3000000
2021-05-30 00:00:00,2272.7000000
2021-05-31 00:00:00,2381.8000000
2021-06-01 00:00:00,2705.1000000
2021-06-02 00:00:00,2633.9000000
2021-06-03 00:00:00,2704.1000000
2021-06-04 00:00:00,2855.7000000
2021-06-05 00:00:00,2690.2000000
2021-06-06 00:00:00,2628.2000000
2021-06-07 00:00:00,2711.8000000
2021-06-08 00:00:00,2590.5000000
2021-06-09 00:00:00,2508.3000000
2021-06-10 00:00:00,2609.0000000
2021-06-11 00:00:00,2469.8000000
2021-06-12 00:00:00,2354.9893384
2021-06-13 00:00:00,2371.1000000
2021-06-14 00:00:00,2509.1000000
2021-06-15 00:00:00,2581.1000000
2021-06-16 00:00:00,2542.0000000
2021-06-17 00:00:00,2366.5000000
2021-06-18 00:00:00,2373.0000000
2021-06-19 00:00:00,2234.6000000
2021-06-20 00:00:00,2168.1853610
2021-06-21 00:00:00,2246.6000000
2021-06-22 00:00:00,1894.0000000
2021-06-23 00:00:00,1883.6000000
2021-06-24 00:00:00,1969.6021255
2021-06-25 00:00:00,1990.4000000
2021-06-26 00:00:00,1807.9000000
2021-06-27 00:00:00,1833.2000000
2021-06-28 00:00:00,1984.9000000
2021-06-29 00:00:00,2083.7770789
2021-06-30 00:00:00,2166.3000000
2021-07-01 00:00:00,2275.5000000
2021-07-02 00:00:00,2106.7000000
2021-07-03 00:00:00,2155.9000000
2021-07-04 00:00:00,2227.5000000
2021-07-05 00:00:00,2321.9000000
2021-07-06 00:00:00,2194.9000000
2021-07-07 00:00:00,2323.7116961
2021-07-08 00:00:00,2317.5000000
2021-07-09 00:00:00,2114.0000000
2021-07-10 00:00:00,2143.3000000
2021-07-11 00:00:00,2109.6000000
2021-07-12 00:00:00,2140.0000000
2021-07-13 00:00:00,2029.6000000
2021-07-14 00:00:00,1940.3000000
2021-07-15 00:00:00,1994.9000000
2021-07-16 00:00:00,1919.7675586
2021-07-17 00:00:00,1878.1000000
2021-07-18 00:00:00,1900.7671768
2021-07-19 00:00:00,1893.7000000
2021-07-20 00:00:00,1820.3000000
2021-07-21 00:00:00,1788.2000000
2021-07-22 00:00:00,1995.8000000
2021-07-23 00:00:00,2026.0000000
2021-07-24 00:00:00,2125.0000000
2021-07-25 00:00:00,2187.0000000
2021-07-26 00:00:00,2193.0000000
2021-07-27 00:00:00,2229.3000000
2021-07-28 00:00:00,2301.6000000
2021-07-29 00:00:00,2301.0000000
2021-07-30 00:00:00,2384.0000000
2021-07-31 00:00:00,2462.9000000
2021-08-01 00:00:00,2530.0000000
2021-08-02 00:00:00,2557.3000000
2021-08-03 00:00:00,2607.8000000
2021-08-04 00:00:00,2510.0000000
2021-08-05 00:00:00,2725.9000000
2021-08-06 00:00:00,2829.4000000
2021-08-07 00:00:00,2891.9000000
2021-08-08 00:00:00,3158.0000000
2021-08-09 00:00:00,3009.7669959
2021-08-10 00:00:00,3164.4495290
2021-08-11 00:00:00,3141.7000000
2021-08-12 00:00:00,3160.1000000
2021-08-13 00:00:00,3047.6000000
2021-08-14 00:00:00,3325.5315120
2021-08-15 00:00:00,3265.3000000
2021-08-16 00:00:00,3311.1000000
2021-08-17 00:00:00,3147.4000000
2021-08-18 00:00:00,3012.6000000
2021-08-19 00:00:00,3015.3000000
2021-08-20 00:00:00,3185.9000000
2021-08-21 00:00:00,3287.9000000
2021-08-22 00:00:00,3225.0000000
2021-08-23 00:00:00,3240.7000000
2021-08-24 00:00:00,3323.4000000
2021-08-25 00:00:00,3171.3000000
2021-08-26 00:00:00,3227.6000000
2021-08-27 00:00:00,3092.4000000
2021-08-28 00:00:00,3275.1686720
2021-08-29 00:00:00,3246.0000000
2021-08-30 00:00:00,3225.9000000
2021-08-31 00:00:00,3230.7000000
2021-09-01 00:00:00,3431.1000000
2021-09-02 00:00:00,3826.4000000
2021-09-03 00:00:00,3787.6000000
2021-09-04 00:00:00,3938.8000000
2021-09-05 00:00:00,3885.3000000
2021-09-06 00:00:00,3952.1000000
2021-09-07 00:00:00,3927.2000000
2021-09-08 00:00:00,3435.1000000
2021-09-09 00:00:00,3500.2000000
2021-09-10 00:00:00,3425.4000000
2021-09-11 00:00:00,3210.2000000
2021-09-12 00:00:00,3267.3000000
2021-09-13 00:00:00,3404.8000000
2021-09-14 00:00:00,3285.0000000
2021-09-15 00:00:00,3436.0000000
2021-09-16 00:00:00,3614.4000000
2021-09-17 00:00:00,3569.8000000
2021-09-18 00:00:00,3400.2000000
2021-09-19 00:00:00,3436.0847294
2021-09-20 00:00:00,3328.6427194
2021-09-21 00:00:00,2977.0000000
2021-09-22 00:00:00,2766.0000000
2021-09-23 00:00:00,3078.1000000
2021-09-24 00:00:00,3153.7000000
2021-09-25 00:00:00,2931.8000000
2021-09-26 00:00:00,2924.5000000
2021-09-27 00:00:00,3061.3000000
2021-09-28 00:00:00,2927.7000000
2021-09-29 00:00:00,2806.5000000
2021-09-30 00:00:00,2850.7000000
2021-10-01 00:00:00,3000.5000000
2021-10-02 00:00:00,3310.2000000
2021-10-03 00:00:00,3389.3000000
2021-10-04 00:00:00,3419.6656606
2021-10-05 00:00:00,3387.6000000
2021-10-06 00:00:00,3516.5000000
2021-10-07 00:00:00,3576.4712277
2021-10-08 00:00:00,3587.3000000
2021-10-09 00:00:00,3563.0000000
2021-10-10 00:00:00,3576.4000000
2021-10-11 00:00:00,3414.2000000
2021-10-12 00:00:00,3541.6000000
2021-10-13 00:00:00,3489.8000000
2021-10-14 00:00:00,3607.7000000
2021-10-15 00:00:00,3791.2000000
2021-10-16 00:00:00,3870.0000000
2021-10-17 00:00:00,3829.2000000
2021-10-18 00:00:00,3845.5000000
2021-10-19 00:00:00,3745.9000000
2021-10-20 00:00:00,3876.5000000
2021-10-21 00:00:00,4162.1000000
2021-10-22 00:00:00,4053.7000000
2021-10-23 00:00:00,3972.7000000
2021-10-24 00:00:00,4167.7000000
2021-10-25 00:00:00,4080.1000000
2021-10-26 00:00:00,4220.4000000
2021-10-27 00:00:00,4127.9000000
2021-10-28 00:00:00,3922.5000000
2021-10-29 00:00:00,4286.7000000
2021-10-30 00:00:00,4418.6000000
2021-10-31 00:00:00,4322.8000000
2021-11-01 00:00:00,4288.3000000
2021-11-02 00:00:00,4320.4000000
2021-11-03 00:00:00,4593.4000000
2021-11-04 00:00:00,4602.2000000
2021-11-05 00:00:00,4533.4750634
2021-11-06 00:00:00,4477.9000000
2021-11-07 00:00:00,4520.0603373
2021-11-08 00:00:00,4614.8005161
2021-11-09 00:00:00,4807.1000000
2021-11-10 00:00:00,4733.0000000
2021-11-11 00:00:00,4629.8000000
2021-11-12 00:00:00,4719.5000000
2021-11-13 00:00:00,4668.3000000
2021-11-14 00:00:00,4645.0926318
2021-11-15 00:00:00,4625.2221131
2021-11-16 00:00:00,4560.7000000
2021-11-17 00:00:00,4208.2000000
2021-11-18 00:00:00,4289.0677316
2021-11-19 00:00:00,3998.4000000
2021-11-20 00:00:00,4298.9000000
2021-11-21 00:00:00,4415.7742155
2021-11-22 00:00:00,4262.6000000
2021-11-23 00:00:00,4089.1000000
2021-11-24 00:00:00,4341.8000000
2021-11-25 00:00:00,4271.9000000
2021-11-26 00:00:00,4527.6000000
2021-11-27 00:00:00,4046.0000000
2021-11-28 00:00:00,4097.9000000
2021-11-29 00:00:00,4298.5027401
2021-11-30 00:00:00,4447.3000000
2021-12-01 00:00:00,4632.9000000
2021-12-02 00:00:00,4587.4000000
2021-12-03 00:00:00,4514.3000000
2021-12-04 00:00:00,4218.8000000
2021-12-05 00:00:00,4123.4000000
2021-12-06 00:00:00,4203.1000000
2021-12-07 00:00:00,4352.9824633
2021-12-08 00:00:00,4310.6000000
2021-12-09 00:00:00,4441.7000000
2021-12-10 00:00:00,4107.8000000
2021-12-11 00:00:00,3901.6000000
2021-12-12 00:00:00,4092.3000000
2021-12-13 00:00:00,4134.9783872
2021-12-14 00:00:00,3788.0000000
2021-12-15 00:00:00,3862.8000000
2021-12-16 00:00:00,4023.9000000
2021-12-17 00:00:00,3958.9877965
2021-12-18 00:00:00,3877.1174830
2021-12-19 00:00:00,3962.2000000
2021-12-20 00:00:00,3926.8000000
2021-12-21 00:00:00,3947.2000000
2021-12-22 00:00:00,4017.1000000
2021-12-23 00:00:00,3981.7000000
2021-12-24 00:00:00,4112.9000000
2021-12-25 00:00:00,4047.4000000
2021-12-26 00:00:00,4096.7000000
2021-12-27 00:00:00,4064.6000000
2021-12-28 00:00:00,4037.9000000
2021-12-29 00:00:00,3794.6000000
2021-12-30 00:00:00,3629.5000000
2021-12-31 00:00:00,3710.6000000
2022-01-01 00:00:00,3677.6000000
2022-01-02 00:00:00,3767.1714821
2022-01-03 00:00:00,3830.7000000
2022-01-04 00:00:00,3765.3000000
2022-01-05 00:00:00,3785.6000000
2022-01-06 00:00:00,3539.7000000
2022-01-07 00:00:00,3406.6000000
2022-01-08 00:00:00,3197.4000000
2022-01-09 00:00:00,3081.3000000
2022-01-10 00:00:00,3150.2000000
2022-01-11 00:00:00,3084.7000000
2022-01-12 00:00:00,3240.5973448
2022-01-13 00:00:00,3372.0180677
2022-01-14 00:00:00,3241.0000000
2022-01-15 00:00:00,3309.4000000
2022-01-16 00:00:00,3327.0000000
2022-01-17 00:00:00,3349.1163417
2022-01-18 00:00:00,3210.9000000
2022-01-19 00:00:00,3160.7000000
2022-01-20 00:00:00,3084.4000000
2022-01-21 00:00:00,3001.6000000
2022-01-22 00:00:00,2570.3000000
2022-01-23 00:00:00,2414.6000000
2022-01-24 00:00:00,2542.0000000
2022-01-25 00:00:00,2443.2000000
2022-01-26 00:00:00,2460.5089890
2022-01-27 00:00:00,2465.4000000
2022-01-28 00:00:00,2425.9625540
2022-01-29 00:00:00,2546.5000000
2022-01-30 00:00:00,2602.5000000
2022-01-31 00:00:00,2603.8000000
2022-02-01 00:00:00,2689.6000000
2022-02-02 00:00:00,2789.2000000
2022-02-03 00:00:00,2682.1000000
2022-02-04 00:00:00,2699.3000000
2022-02-05 00:00:00,2997.6000000
2022-02-06 00:00:00,3017.5000000
2022-02-07 00:00:00,3058.7844570
2022-02-08 00:00:00,3142.0000000
2022-02-09 00:00:00,3119.3000000
2022-02-10 00:00:00,3247.9897159
2022-02-11 00:00:00,3076.5783286
2022-02-12 00:00:00,2930.3000000
2022-02-13 00:00:00,2919.5000000
2022-02-14 00:00:00,2873.5000000
2022-02-15 00:00:00,2931.1000000
2022-02-16 00:00:00,3185.8000000
2022-02-17 00:00:00,3124.5000000
2022-02-18 00:00:00,2894.7000000
2022-02-19 00:00:00,2781.5000000
2022-02-20 00:00:00,2766.8000000
2022-02-21 00:00:00,2625.7000000
2022-02-22 00:00:00,2572.1000000
2022-02-23 00:00:00,2641.5000000
2022-02-24 00:00:00,2583.5503998
2022-02-25 00:00:00,2599.8000000
2022-02-26 00:00:00,2770.6000000
2022-02-27 00:00:00,2781.3396404
2022-02-28 00:00:00,2620.3000000
2022-03-01 00:00:00,2925.3000000
2022-03-02 00:00:00,2979.3000000
2022-03-03 00:00:00,2950.6000000
2022-03-04 00:00:00,2835.8000000
2022-03-05 00:00:00,2624.7000000
2022-03-06 00:00:00,2665.8000000
2022-03-07 00:00:00,2551.9661853
2022-03-08 00:00:00,2493.8887157
2022-03-09 00:00:00,2578.1000000
2022-03-10 00:00:00,2730.0291998
2022-03-11 00:00:00,2609.0000000
2022-03-12 00:00:00,2558.0322708
2022-03-13 00:00:00,2568.8000000
2022-03-14 00:00:00,2516.2000000
2022-03-15 00:00:00,2592.7425532
2022-03-16 00:00:00,2620.5000000
2022-03-17 00:00:00,2776.4000000
2022-03-18 00:00:00,2813.9000000
2022-03-19 00:00:00,2938.9000000
2022-03-20 00:00:00,2951.5227529
2022-03-21 00:00:00,2861.6000000
2022-03-22 00:00:00,2888.7000000
2022-03-23 00:00:00,2969.0000000
2022-03-24 00:00:00,3036.0000000
2022-03-25 00:00:00,3110.5000000
2022-03-26 00:00:00,3104.0542021
2022-03-27 00:00:00,3145.3000000
2022-03-28 00:00:00,3294.7000000
2022-03-29 00:00:00,3332.5000000
2022-03-30 00:00:00,3400.6000000
2022-03-31 00:00:00,3384.5000000
2022-04-01 00:00:00,3282.0000000
2022-04-02 00:00:00,3456.2000000
2022-04-03 00:00:00,3443.7355331
2022-04-04 00:00:00,3520.5000000
2022-04-05 00:00:00,3521.0000000
2022-04-06 00:00:00,3405.8000000
2022-04-07 00:00:00,3170.0831508
2022-04-08 00:00:00,3227.4000000
2022-04-09 00:00:00,3193.0000000
2022-04-10 00:00:00,3260.2380654
2022-04-11 00:00:00,3204.2196022
2022-04-12 00:00:00,2981.5200278
2022-04-13 00:00:00,3028.9000000
2022-04-14 00:00:00,3119.4000000
2022-04-15 00:00:00,3022.7094231
2022-04-16 00:00:00,3041.6000000
2022-04-17 00:00:00,3061.2445694
2022-04-18 00:00:00,2987.8648585
2022-04-19 00:00:00,3057.6000000
2022-04-20 00:00:00,3103.3254541
2022-04-21 00:00:00,3076.4000000
2022-04-22 00:00:00,2984.6687253
2022-04-23 00:00:00,2963.7000000
2022-04-24 00:00:00,2933.5000000
2022-04-25 00:00:00,2922.5000000
2022-04-26 00:00:00,3009.2000000
2022-04-27 00:00:00,2810.6934616
2022-04-28 00:00:00,2890.3000000
2022-04-29 00:00:00,2937.2000000
2022-04-30 00:00:00,2818.4000000
2022-05-01 00:00:00,2728.1000000
2022-05-02 00:00:00,2828.1000000
2022-05-03 00:00:00,2857.7000000
2022-05-04 00:00:00,2782.7403810
2022-05-05 00:00:00,2941.7981225
2022-05-06 00:00:00,2748.6627709
2022-05-07 00:00:00,2694.0000000
2022-05-08 00:00:00,2637.6000000
2022-05-09 00:00:00,2521.6000000
2022-05-10 00:00:00,2232.1000000
2022-05-11 00:00:00,2345.6010109
2022-05-12 00:00:00,2089.2509817
2022-05-13 00:00:00,1963.9000000
2022-05-14 00:00:00,2010.2000000
2022-05-15 00:00:00,2057.0862279
2022-05-16 00:00:00,2143.9000000
2022-05-17 00:00:00,2022.6000000
2022-05-18 00:00:00,2090.1000000
2022-05-19 00:00:00,1913.9000000
2022-05-20 00:00:00,2020.4000000
2022-05-21 00:00:00,1958.6000000
2022-05-22 00:00:00,1974.0000000
2022-05-23 00:00:00,2042.5000000
2022-05-24 00:00:00,1972.4373698
2022-05-25 00:00:00,1978.5000000
2022-05-26 00:00:00,1941.9000000
2022-05-27 00:00:00,1791.8000000
2022-05-28 00:00:00,1727.6834721
2022-05-29 00:00:00,1793.3000000
2022-05-30 00:00:00,1814.1000000
2022-05-31 00:00:00,1999.7000000
2022-06-01 00:00:00,1941.3000000
2022-06-02 00:00:00,1820.9000000
2022-06-03 00:00:00,1836.0000000
2022-06-04 00:00:00,1776.6000000
2022-06-05 00:00:00,1805.3000000
2022-06-06 00:00:00,1806.8605998
2022-06-07 00:00:00,1859.8000000
2022-06-08 00:00:00,1814.6000000
2022-06-09 00:00:00,1793.3000407
2022-06-10 00:00:00,1789.7000000
2022-06-11 00:00:00,1663.5000000
2022-06-12 00:00:00,1533.7000000
2022-06-13 00:00:00,1437.5000000
2022-06-14 00:00:00,1211.3000000
2022-06-15 00:00:00,1208.4000000
2022-06-16 00:00:00,1238.2000000
2022-06-17 00:00:00,1068.8000000
2022-06-18 00:00:00,1084.2733658
2022-06-19 00:00:00,995.0800000
2022-06-20 00:00:00,1126.8000000
2022-06-21 00:00:00,1126.8000000
2022-06-22 00:00:00,1124.6000000
2022-06-23 00:00:00,1048.3000000
2022-06-24 00:00:00,1142.7218686
2022-06-25 00:00:00,1224.4919504
2022-06-26 00:00:00,1241.7812478
2022-06-27 00:00:00,1199.1000000
2022-06-28 00:00:00,1191.7000000
2022-06-29 00:00:00,1143.5000000
2022-06-30 00:00:00,1099.8000000
2022-07-01 00:00:00,1071.2000000
2022-07-02 00:00:00,1059.5000000
2022-07-03 00:00:00,1065.9000000
2022-07-04 00:00:00,1073.7834905
2022-07-05 00:00:00,1150.7468005
2022-07-06 00:00:00,1131.7906852
2022-07-07 00:00:00,1185.8000000
2022-07-08 00:00:00,1235.5000000
2022-07-09 00:00:00,1213.1000000
2022-07-10 00:00:00,1216.6000000
2022-07-11 00:00:00,1168.6535385
2022-07-12 00:00:00,1095.6562032
2022-07-13 00:00:00,1037.1766026
2022-07-14 00:00:00,1114.9299835
2022-07-15 00:00:00,1192.6000000
2022-07-16 00:00:00,1230.7000000
2022-07-17 00:00:00,1356.4929694
2022-07-18 00:00:00,1338.5894336
2022-07-19 00:00:00,1580.9000000
2022-07-20 00:00:00,1541.7000000
2022-07-21 00:00:00,1521.4000000
2022-07-22 00:00:00,1575.2538960
2022-07-23 00:00:00,1536.0901940
2022-07-24 00:00:00,1548.7620526
2022-07-25 00:00:00,1598.4482886
2022-07-26 00:00:00,1440.2000000
2022-07-27 00:00:00,1449.8000000
2022-07-28 00:00:00,1636.1344722
2022-07-29 00:00:00,1724.1494329
2022-07-30 00:00:00,1721.4149210
2022-07-31 00:00:00,1697.1000000
2022-08-01 00:00:00,1677.7000000
2022-08-02 00:00:00,1628.9378871
2022-08-03 00:00:00,1630.9784347
2022-08-04 00:00:00,1617.2000000
2022-08-05 00:00:00,1607.1000000
2022-08-06 00:00:00,1735.9000000
2022-08-07 00:00:00,1689.3000000
2022-08-08 00:00:00,1699.7000000
2022-08-09 00:00:00,1776.7172945
2022-08-10 00:00:00,1702.9000000
2022-08-11 00:00:00,1853.9097299
2022-08-12 00:00:00,1880.1587048
2022-08-13 00:00:00,1958.5000000
2022-08-14 00:00:00,1982.8000000
2022-08-15 00:00:00,1935.1467029
2022-08-16 00:00:00,1898.8000000
2022-08-17 00:00:00,1877.1000000
2022-08-18 00:00:00,1834.0000000
2022-08-19 00:00:00,1846.6359183
2022-08-20 00:00:00,1609.1000000
2022-08-21 00:00:00,1575.9000000
2022-08-22 00:00:00,1617.8000000
2022-08-23 00:00:00,1624.6000000
2022-08-24 00:00:00,1665.7000000
2022-08-25 00:00:00,1657.1585529
2022-08-26 00:00:00,1695.2000000
2022-08-27 00:00:00,1508.8000000
2022-08-28 00:00:00,1492.9000000
2022-08-29 00:00:00,1427.4858245
2022-08-30 00:00:00,1552.6206479
2022-08-31 00:00:00,1525.3000000
2022-09-01 00:00:00,1554.4842756
2022-09-02 00:00:00,1586.9000000
2022-09-03 00:00:00,1576.4093897
2022-09-04 00:00:00,1557.3000000
2022-09-05 00:00:00,1579.1000000
2022-09-06 00:00:00,1617.6000000
2022-09-07 00:00:00,1558.8182870
2022-09-08 00:00:00,1629.6573875
2022-09-09 00:00:00,1635.7000000
2022-09-10 00:00:00,1720.3000000
2022-09-11 00:00:00,1774.9000000
2022-09-12 00:00:00,1766.3088648
2022-09-13 00:00:00,1716.2000000
2022-09-14 00:00:00,1574.5000000
2022-09-15 00:00:00,1638.5000000
2022-09-16 00:00:00,1474.2000000
2022-09-17 00:00:00,1434.4000000
2022-09-18 00:00:00,1469.3000000
2022-09-19 00:00:00,1335.2000000
2022-09-20 00:00:00,1376.0777721
2022-09-21 00:00:00,1323.5492056
2022-09-22 00:00:00,1245.7000000
2022-09-23 00:00:00,1327.1000000
2022-09-24 00:00:00,1327.7000000
2022-09-25 00:00:00,1317.4000000
2022-09-26 00:00:00,1295.5099612
2022-09-27 00:00:00,1336.8934205
2022-09-28 00:00:00,1329.0094792
2022-09-29 00:00:00,1337.8000000
2022-09-30 00:00:00,1336.1515963
2022-10-01 00:00:00,1329.2000000
2022-10-02 00:00:00,1312.2000000
2022-10-03 00:00:00,1277.2944492
2022-10-04 00:00:00,1323.4000000
2022-10-05 00:00:00,1361.7632772
2022-10-06 00:00:00,1352.0459959
2022-10-07 00:00:00,1352.2000000
2022-10-08 00:00:00,1330.8918066
2022-10-09 00:00:00,1315.7000000
2022-10-10 00:00:00,1323.1000000
2022-10-11 00:00:00,1289.9000000
2022-10-12 00:00:00,1279.8000000
2022-10-13 00:00:00,1294.5000000
2022-10-14 00:00:00,1287.1000000
2022-10-15 00:00:00,1297.0000000
2022-10-16 00:00:00,1275.2000000
2022-10-17 00:00:00,1306.4000000
2022-10-18 00:00:00,1331.8000000
2022-10-19 00:00:00,1310.7000000
2022-10-20 00:00:00,1285.6000000
2022-10-21 00:00:00,1283.8000000
2022-10-22 00:00:00,1300.7000000
2022-10-23 00:00:00,1314.8000000
2022-10-24 00:00:00,1365.3000000
2022-10-25 00:00:00,1344.6000000
2022-10-26 00:00:00,1461.1000000
2022-10-27 00:00:00,1566.9000000
2022-10-28 00:00:00,1515.1000000
2022-10-29 00:00:00,1555.6000000
2022-10-30 00:00:00,1621.4000000
2022-10-31 00:00:00,1592.0000000
2022-11-01 00:00:00,1573.6000000
2022-11-02 00:00:00,1579.8000000
2022-11-03 00:00:00,1519.7000000
2022-11-04 00:00:00,1532.6000000
2022-11-05 00:00:00,1645.5000000
2022-11-06 00:00:00,1628.1000000
2022-11-07 00:00:00,1569.7000000
2022-11-08 00:00:00,1569.5000000
2022-11-09 00:00:00,1335.5000000
2022-11-10 00:00:00,1103.1000000
2022-11-11 00:00:00,1299.3000000
2022-11-12 00:00:00,1288.3000000
2022-11-13 00:00:00,1257.7000000
2022-11-14 00:00:00,1223.0000000
2022-11-15 00:00:00,1243.0000000
2022-11-16 00:00:00,1253.0000000
2022-11-17 00:00:00,1216.1000000
2022-11-18 00:00:00,1199.0000000
2022-11-19 00:00:00,1211.7000000
2022-11-20 00:00:00,1216.6000000
2022-11-21 00:00:00,1141.9000000
2022-11-22 00:00:00,1106.6000000
2022-11-23 00:00:00,1139.6000000
2022-11-24 00:00:00,1184.7000000
2022-11-25 00:00:00,1204.2000000
2022-11-26 00:00:00,1199.2000000
2022-11-27 00:00:00,1205.1000000
2022-11-28 00:00:00,1194.1000000
2022-11-29 00:00:00,1168.0000000
2022-11-30 00:00:00,1216.9000000
2022-12-01 00:00:00,1295.6000000
2022-12-02 00:00:00,1276.8000000
2022-12-03 00:00:00,1295.8000000
2022-12-04 00:00:00,1240.9000000
2022-12-05 00:00:00,1280.6000000
2022-12-06 00:00:00,1259.9000000
2022-12-07 00:00:00,1271.9000000
2022-12-08 00:00:00,1231.9000000
2022-12-09 00:00:00,1281.4000000
2022-12-10 00:00:00,1263.4000000
2022-12-11 00:00:00,1267.0000000
2022-12-12 00:00:00,1264.1000000
2022-12-13 00:00:00,1276.7000000
2022-12-14 00:00:00,1321.5000000
2022-12-15 00:00:00,1308.2000000
2022-12-16 00:00:00,1267.6000000
2022-12-17 00:00:00,1167.7000000
2022-12-18 00:00:00,1188.4000000
2022-12-19 00:00:00,1184.2000000
2022-12-20 00:00:00,1168.1000000
2022-12-21 00:00:00,1218.2000000
2022-12-22 00:00:00,1214.7000000
2022-12-23 00:00:00,1219.8000000
2022-12-24 00:00:00,1221.7000000
2022-12-25 00:00:00,1222.3000000
2022-12-26 00:00:00,1220.0000000
2022-12-27 00:00:00,1229.7000000
2022-12-28 00:00:00,1212.7000000
2022-12-29 00:00:00,1191.0000000
2022-12-30 00:00:00,1201.7000000
2022-12-31 00:00:00,1200.9000000
2023-01-01 00:00:00,1197.3000000
2023-01-02 00:00:00,1201.9000000
2023-01-03 00:00:00,1215.3000000
2023-01-04 00:00:00,1215.6000000
2023-01-05 00:00:00,1257.4000000
2023-01-06 00:00:00,1251.9000000
2023-01-07 00:00:00,1270.3000000
2023-01-08 00:00:00,1264.9000000
2023-01-09 00:00:00,1291.3000000
2023-01-10 00:00:00,1320.9000000
2023-01-11 00:00:00,1336.0000000
2023-01-12 00:00:00,1390.6000000
2023-01-13 00:00:00,1416.0000000
2023-01-14 00:00:00,1451.0000000
2023-01-15 00:00:00,1550.2000000
2023-01-16 00:00:00,1552.9000000
2023-01-17 00:00:00,1577.0000000
2023-01-18 00:00:00,1565.6000000
2023-01-19 00:00:00,1511.7000000
2023-01-20 00:00:00,1551.6000000
2023-01-21 00:00:00,1658.4000000
2023-01-22 00:00:00,1625.8000000
2023-01-23 00:00:00,1627.7000000
2023-01-24 00:00:00,1626.2000000
2023-01-25 00:00:00,1555.7000000
2023-01-26 00:00:00,1612.4000000
2023-01-27 00:00:00,1601.1000000
2023-01-28 00:00:00,1597.4000000
2023-01-29 00:00:00,1572.7000000
2023-01-30 00:00:00,1644.4000000
2023-01-31 00:00:00,1566.9000000
2023-02-01 00:00:00,1585.6000000
2023-02-02 00:00:00,1640.9000000
2023-02-03 00:00:00,1643.6000000
2023-02-04 00:00:00,1663.9000000
2023-02-05 00:00:00,1666.3000000
2023-02-06 00:00:00,1629.2000000
2023-02-07 00:00:00,1614.0000000
2023-02-08 00:00:00,1671.0000000
2023-02-09 00:00:00,1650.0000000
2023-02-10 00:00:00,1545.6000000
2023-02-11 00:00:00,1513.4000000
2023-02-12 00:00:00,1538.7000000
2023-02-13 00:00:00,1515.7000000
2023-02-14 00:00:00,1505.3000000
2023-02-15 00:00:00,1555.8000000
2023-02-16 00:00:00,1674.5000000
2023-02-17 00:00:00,1638.9000000
2023-02-18 00:00:00,1694.6000000
2023-02-19 00:00:00,1691.6000000
2023-02-20 00:00:00,1681.0000000
2023-02-21 00:00:00,1703.0000000
2023-02-22 00:00:00,1659.7000000
2023-02-23 00:00:00,1643.6000000
2023-02-24 00:00:00,1650.5000000
2023-02-25 00:00:00,1608.7000000
2023-02-26 00:00:00,1595.0000000
2023-02-27 00:00:00,1641.0000000
2023-02-28 00:00:00,1633.6000000
2023-03-01 00:00:00,1605.6000000
2023-03-02 00:00:00,1665.8000000
2023-03-03 00:00:00,1648.3000000
2023-03-04 00:00:00,1569.7000000
2023-03-05 00:00:00,1566.3000000
2023-03-06 00:00:00,1564.3000000
2023-03-07 00:00:00,1565.9000000
2023-03-08 00:00:00,1562.4000000
2023-03-09 00:00:00,1533.7000000
2023-03-10 00:00:00,1438.0000000
2023-03-11 00:00:00,1429.2000000
2023-03-12 00:00:00,1476.4000000
2023-03-13 00:00:00,1586.5000000
2023-03-14 00:00:00,1679.8000000
2023-03-15 00:00:00,1702.7000000
2023-03-16 00:00:00,1652.2000000
2023-03-17 00:00:00,1677.3000000
2023-03-18 00:00:00,1788.5000000
2023-03-19 00:00:00,1759.5000000
2023-03-20 00:00:00,1779.7000000
2023-03-21 00:00:00,1732.7000000
2023-03-22 00:00:00,1802.1000000
2023-03-23 00:00:00,1735.0000000
2023-03-24 00:00:00,1814.7000000
2023-03-25 00:00:00,1750.4000000
2023-03-26 00:00:00,1742.7000000
2023-03-27 00:00:00,1774.5000000
2023-03-28 00:00:00,1715.1000000
2023-03-29 00:00:00,1773.1000000
2023-03-30 00:00:00,1792.9000000
2023-03-31 00:00:00,1793.1000000
2023-04-01 00:00:00,1821.6000000
2023-04-02 00:00:00,1820.3000000
2023-04-03 00:00:00,1794.0000000
2023-04-04 00:00:00,1810.1000000
2023-04-05 00:00:00,1870.7000000
2023-04-06 00:00:00,1908.2000000
2023-04-07 00:00:00,1871.5000000
2023-04-08 00:00:00,1863.3000000
2023-04-09 00:00:00,1846.7000000
2023-04-10 00:00:00,1858.0000000
2023-04-11 00:00:00,1909.1000000
2023-04-12 00:00:00,1888.7000000
2023-04-13 00:00:00,1917.8000000
2023-04-14 00:00:00,2012.6000000
2023-04-15 00:00:00,2100.0000000
2023-04-16 00:00:00,2089.4000000
2023-04-17 00:00:00,2117.0000000
2023-04-18 00:00:00,2074.4000000
2023-04-19 00:00:00,2104.8000000
2023-04-20 00:00:00,1935.4000000
2023-04-21 00:00:00,1943.6000000
2023-04-22 00:00:00,1850.4000000
2023-04-23 00:00:00,1874.7000000
2023-04-24 00:00:00,1863.5000000
2023-04-25 00:00:00,1842.8000000
2023-04-26 00:00:00,1867.7000000
2023-04-27 00:00:00,1866.0000000
2023-04-28 00:00:00,1909.1000000
2023-04-29 00:00:00,1892.9000000
2023-04-30 00:00:00,1908.8000000
2023-05-01 00:00:00,1871.6000000
2023-05-02 00:00:00,1832.0000000
2023-05-03 00:00:00,1870.4000000
2023-05-04 00:00:00,1906.7000000
2023-05-05 00:00:00,1877.7000000
2023-05-06 00:00:00,1995.3000000
2023-05-07 00:00:00,1900.4000000
2023-05-08 00:00:00,1874.8000000
2023-05-09 00:00:00,1849.4000000
2023-05-10 00:00:00,1849.2000000
2023-05-11 00:00:00,1842.5000000
2023-05-12 00:00:00,1796.5000000
2023-05-13 00:00:00,1809.3000000
2023-05-14 00:00:00,1796.8000000
2023-05-15 00:00:00,1800.9000000
2023-05-16 00:00:00,1817.2000000
2023-05-17 00:00:00,1825.7000000
2023-05-18 00:00:00,1823.8000000
2023-05-19 00:00:00,1802.4000000
2023-05-20 00:00:00,1814.2000000
2023-05-21 00:00:00,1821.2000000
2023-05-22 00:00:00,1805.4000000
2023-05-23 00:00:00,1819.2000000
2023-05-24 00:00:00,1855.5000000
2023-05-25 00:00:00,1801.0000000
2023-05-26 00:00:00,1807.3000000
2023-05-27 00:00:00,1830.4000000
2023-05-28 00:00:00,1832.2000000
2023-05-29 00:00:00,1911.2000000
2023-05-30 00:00:00,1895.1000000
2023-05-31 00:00:00,1901.8000000
2023-06-01 00:00:00,1874.6000000
2023-06-02 00:00:00,1862.1000000
2023-06-03 00:00:00,1907.5000000
2023-06-04 00:00:00,1892.3000000
2023-06-05 00:00:00,1890.4000000
2023-06-06 00:00:00,1811.9000000
2023-06-07 00:00:00,1885.0000000
2023-06-08 00:00:00,1833.5000000
2023-06-09 00:00:00,1847.5000000
2023-06-10 00:00:00,1842.2000000
2023-06-11 00:00:00,1753.3000000
2023-06-12 00:00:00,1754.7000000
2023-06-13 00:00:00,1743.8000000
2023-06-14 00:00:00,1740.4000000
2023-06-15 00:00:00,1652.0000000
2023-06-16 00:00:00,1667.8000000
2023-06-17 00:00:00,1718.9000000
2023-06-18 00:00:00,1728.9000000
2023-06-19 00:00:00,1722.0000000
2023-06-20 00:00:00,1738.8000000
2023-06-21 00:00:00,1793.6000000
2023-06-22 00:00:00,1891.3000000
2023-06-23 00:00:00,1873.8000000
2023-06-24 00:00:00,1894.5000000
2023-06-25 00:00:00,1876.7000000
2023-06-26 00:00:00,1900.7000000
2023-06-27 00:00:00,1860.1000000
2023-06-28 00:00:00,1891.9000000
2023-06-29 00:00:00,1828.7000000
2023-06-30 00:00:00,1853.4000000
2023-07-01 00:00:00,1935.9000000
2023-07-02 00:00:00,1925.9000000
2023-07-03 00:00:00,1939.6000000
2023-07-04 00:00:00,1957.2000000
2023-07-05 00:00:00,1937.5000000
2023-07-06 00:00:00,1911.7000000
2023-07-07 00:00:00,1848.0000000
2023-07-08 00:00:00,1872.2000000
2023-07-09 00:00:00,1867.1000000
2023-07-10 00:00:00,1863.8000000
2023-07-11 00:00:00,1882.3000000
2023-07-12 00:00:00,1880.1000000
2023-07-13 00:00:00,1874.4000000
2023-07-14 00:00:00,2007.2000000
2023-07-15 00:00:00,1940.3000000
2023-07-16 00:00:00,1932.9000000
2023-07-17 00:00:00,1924.2000000
2023-07-18 00:00:00,1914.5000000
2023-07-19 00:00:00,1898.4000000
2023-07-20 00:00:00,1890.0000000
2023-07-21 00:00:00,1894.0000000
2023-07-22 00:00:00,1893.9000000
2023-07-23 00:00:00,1868.3000000
2023-07-24 00:00:00,1890.9000000
2023-07-25 00:00:00,1852.7000000
2023-07-26 00:00:00,1860.9000000
2023-07-27 00:00:00,1874.3000000
2023-07-28 00:00:00,1863.3000000
2023-07-29 00:00:00,1877.4000000
2023-07-30 00:00:00,1883.8000000
2023-07-31 00:00:00,1863.8000000
2023-08-01 00:00:00,1858.2000000
2023-08-02 00:00:00,1876.0000000
2023-08-03 00:00:00,1841.3000000
2023-08-04 00:00:00,1836.8000000
2023-08-05 00:00:00,1830.4000000
2023-08-06 00:00:00,1836.8000000
2023-08-07 00:00:00,1830.2000000
2023-08-08 00:00:00,1829.3000000
2023-08-09 00:00:00,1857.3000000
2023-08-10 00:00:00,1856.4000000
2023-08-11 00:00:00,1852.4000000
2023-08-12 00:00:00,1849.4000000
2023-08-13 00:00:00,1850.5000000
2023-08-14 00:00:00,1841.5000000
2023-08-15 00:00:00,1845.6000000
2023-08-16 00:00:00,1829.4000000
2023-08-17 00:00:00,1807.9000000
2023-08-18 00:00:00,1682.4000000
2023-08-19 00:00:00,1662.3000000
2023-08-20 00:00:00,1670.5000000
2023-08-21 00:00:00,1686.4000000
2023-08-22 00:00:00,1669.0000000
2023-08-23 00:00:00,1636.0000000
2023-08-24 00:00:00,1681.1000000
2023-08-25 00:00:00,1663.2000000
2023-08-26 00:00:00,1654.7000000
2023-08-27 00:00:00,1648.4000000
2023-08-28 00:00:00,1658.8000000
2023-08-29 00:00:00,1654.8000000
2023-08-30 00:00:00,1731.1000000
2023-08-31 00:00:00,1707.3000000
2023-09-01 00:00:00,1647.7000000
2023-09-02 00:00:00,1630.1000000
2023-09-03 00:00:00,1637.4000000
2023-09-04 00:00:00,1636.7000000
2023-09-05 00:00:00,1631.0000000
2023-09-06 00:00:00,1634.8000000
2023-09-07 00:00:00,1634.3000000
2023-09-08 00:00:00,1649.4000000
2023-09-09 00:00:00,1637.2000000
2023-09-10 00:00:00,1636.3000000
2023-09-11 00:00:00,1618.0000000
2023-09-12 00:00:00,1552.8000000
2023-09-13 00:00:00,1593.6000000
2023-09-14 00:00:00,1609.0000000
2023-09-15 00:00:00,1627.1000000
2023-09-16 00:00:00,1643.0000000
2023-09-17 00:00:00,1635.9000000
2023-09-18 00:00:00,1624.1000000
2023-09-19 00:00:00,1638.1000000
2023-09-20 00:00:00,1644.8000000
2023-09-21 00:00:00,1623.1000000
2023-09-22 00:00:00,1587.1000000
2023-09-23 00:00:00,1595.9000000
2023-09-24 00:00:00,1595.4000000
2023-09-25 00:00:00,1582.8000000
2023-09-26 00:00:00,1590.0000000
2023-09-27 00:00:00,1595.5000000
2023-09-28 00:00:00,1599.8000000
2023-09-29 00:00:00,1655.4000000
2023-09-30 00:00:00,1668.8000000
2023-10-01 00:00:00,1671.9000000
2023-10-02 00:00:00,1736.2000000
2023-10-03 00:00:00,1664.7000000
2023-10-04 00:00:00,1656.7000000
2023-10-05 00:00:00,1648.2000000
2023-10-06 00:00:00,1612.4000000
2023-10-07 00:00:00,1645.5000000
2023-10-08 00:00:00,1634.5000000
2023-10-09 00:00:00,1633.6000000
2023-10-10 00:00:00,1581.7000000
2023-10-11 00:00:00,1568.8000000
2023-10-12 00:00:00,1567.4000000
2023-10-13 00:00:00,1541.6000000
2023-10-14 00:00:00,1552.9000000
2023-10-15 00:00:00,1555.8000000
2023-10-16 00:00:00,1558.2000000
2023-10-17 00:00:00,1600.8000000
2023-10-18 00:00:00,1565.6000000
2023-10-19 00:00:00,1563.5000000
2023-10-20 00:00:00,1568.5000000
2023-10-21 00:00:00,1604.6000000
2023-10-22 00:00:00,1629.4000000
2023-10-23 00:00:00,1665.1000000
2023-10-24 00:00:00,1766.3000000
2023-10-25 00:00:00,1786.5000000
2023-10-26 00:00:00,1787.5000000
2023-10-27 00:00:00,1804.3000000
2023-10-28 00:00:00,1780.8000000
2023-10-29 00:00:00,1777.2000000
2023-10-30 00:00:00,1796.9000000
2023-10-31 00:00:00,1810.1000000
2023-11-01 00:00:00,1815.8000000
2023-11-02 00:00:00,1848.4000000
2023-11-03 00:00:00,1801.3000000
2023-11-04 00:00:00,1835.2000000
2023-11-05 00:00:00,1858.8000000
2023-11-06 00:00:00,1894.3000000
2023-11-07 00:00:00,1902.1000000
2023-11-08 00:00:00,1887.3000000
2023-11-09 00:00:00,1888.6000000
2023-11-10 00:00:00,2120.9000000
2023-11-11 00:00:00,2078.4000000
2023-11-12 00:00:00,2053.5000000
2023-11-13 00:00:00,2042.9000000
2023-11-14 00:00:00,2054.9000000
2023-11-15 00:00:00,1980.0000000
2023-11-16 00:00:00,2059.8000000
2023-11-17 00:00:00,1962.1000000
2023-11-18 00:00:00,1961.5000000
2023-11-19 00:00:00,1963.4000000
2023-11-20 00:00:00,2013.1000000
2023-11-21 00:00:00,2021.6000000
2023-11-22 00:00:00,1933.2000000
2023-11-23 00:00:00,2064.2000000
2023-11-24 00:00:00,2061.6000000
2023-11-25 00:00:00,2080.9000000
2023-11-26 00:00:00,2083.3000000
2023-11-27 00:00:00,2062.5000000
2023-11-28 00:00:00,2027.3000000
2023-11-29 00:00:00,2045.8000000
2023-11-30 00:00:00,2028.2000000
2023-12-01 00:00:00,2052.7000000
2023-12-02 00:00:00,2087.2000000
2023-12-03 00:00:00,2163.9000000
2023-12-04 00:00:00,2192.1000000
2023-12-05 00:00:00,2241.4000000
2023-12-06 00:00:00,2295.5000000
2023-12-07 00:00:00,2235.3000000
2023-12-08 00:00:00,2356.5000000
2023-12-09 00:00:00,2359.2000000
2023-12-10 00:00:00,2342.5000000
2023-12-11 00:00:00,2353.6000000
2023-12-12 00:00:00,2226.3000000
2023-12-13 00:00:00,2204.5000000
2023-12-14 00:00:00,2262.1000000
2023-12-15 00:00:00,2317.5000000
2023-12-16 00:00:00,2223.9000000
2023-12-17 00:00:00,2232.3000000
2023-12-18 00:00:00,2198.1000000
2023-12-19 00:00:00,2220.7000000
2023-12-20 00:00:00,2180.1000000
2023-12-21 00:00:00,2201.6000000
2023-12-22 00:00:00,2242.3000000
2023-12-23 00:00:00,2329.7000000
2023-12-24 00:00:00,2312.6000000
2023-12-25 00:00:00,2267.1000000
2023-12-26 00:00:00,2274.2000000
2023-12-27 00:00:00,2233.1000000
2023-12-28 00:00:00,2380.7000000
2023-12-29 00:00:00,2346.5000000
2023-12-30 00:00:00,2299.7000000
2023-12-31 00:00:00,2294.0000000
2024-01-01 00:00:00,2286.5000000
2024-01-02 00:00:00,2352.7000000
2024-01-03 00:00:00,2358.2000000
2024-01-04 00:00:00,2211.3000000
2024-01-05 00:00:00,2271.0000000
2024-01-06 00:00:00,2271.6000000
2024-01-07 00:00:00,2242.9000000
2024-01-08 00:00:00,2223.6000000
2024-01-09 00:00:00,2333.0000000
2024-01-10 00:00:00,2344.5000000
2024-01-11 00:00:00,2583.3000000
2024-01-12 00:00:00,2618.5000000
2024-01-13 00:00:00,2527.0000000
2024-01-14 00:00:00,2577.5000000
2024-01-15 00:00:00,2474.6000000
2024-01-16 00:00:00,2512.2000000
2024-01-17 00:00:00,2588.6000000
2024-01-18 00:00:00,2530.4000000
2024-01-19 00:00:00,2470.9000000
2024-01-20 00:00:00,2493.4000000
2024-01-21 00:00:00,2475.8000000
2024-01-22 00:00:00,2462.5000000
2024-01-23 00:00:00,2315.7000000
2024-01-24 00:00:00,2244.6000000
2024-01-25 00:00:00,2236.5000000
2024-01-26 00:00:00,2220.5000000
2024-01-27 00:00:00,2268.1000000
2024-01-28 00:00:00,2267.7000000
2024-01-29 00:00:00,2257.3000000
2024-01-30 00:00:00,2312.7000000
2024-01-31 00:00:00,2346.8000000
2024-02-01 00:00:00,2283.0000000
2024-02-02 00:00:00,2304.9000000
2024-02-03 00:00:00,2307.4000000
2024-02-04 00:00:00,2295.8000000
2024-02-05 00:00:00,2289.2000000
2024-02-06 00:00:00,2300.3000000
2024-02-07 00:00:00,2372.6000000
2024-02-08 00:00:00,2424.4000000
2024-02-09 00:00:00,2420.6000000
2024-02-10 00:00:00,2488.1000000
2024-02-11 00:00:00,2502.9000000
2024-02-12 00:00:00,2509.6000000
2024-02-13 00:00:00,2662.4000000
2024-02-14 00:00:00,2643.7000000
2024-02-15 00:00:00,2774.8000000
2024-02-16 00:00:00,2821.9000000
2024-02-17 00:00:00,2801.1000000
2024-02-18 00:00:00,2783.5000000
2024-02-19 00:00:00,2877.1000000
2024-02-20 00:00:00,2943.0000000
2024-02-21 00:00:00,3009.7000000
2024-02-22 00:00:00,2968.6000000
2024-02-23 00:00:00,2973.1000000
2024-02-24 00:00:00,2921.7000000
2024-02-25 00:00:00,2994.9000000
2024-02-26 00:00:00,3112.3000000
2024-02-27 00:00:00,3174.3000000
2024-02-28 00:00:00,3240.5000000
2024-02-29 00:00:00,3381.7000000
2024-03-01 00:00:00,3339.2000000
2024-03-02 00:00:00,3433.1000000
2024-03-03 00:00:00,3419.7000000
2024-03-04 00:00:00,3487.7000000
2024-03-05 00:00:00,3620.0000000
2024-03-06 00:00:00,3556.7000000
2024-03-07 00:00:00,3818.9000000
2024-03-08 00:00:00,3864.8000000
2024-03-09 00:00:00,3880.2000000
2024-03-10 00:00:00,3900.5000000
2024-03-11 00:00:00,3878.6000000
2024-03-12 00:00:00,4059.2000000
2024-03-13 00:00:00,3968.2000000
2024-03-14 00:00:00,4003.4000000
2024-03-15 00:00:00,3880.5000000
2024-03-16 00:00:00,3744.2000000
2024-03-17 00:00:00,3521.0000000
2024-03-18 00:00:00,3645.8000000
2024-03-19 00:00:00,3521.0000000
2024-03-20 00:00:00,3164.0000000
2024-03-21 00:00:00,3519.0000000
2024-03-22 00:00:00,3496.4000000
2024-03-23 00:00:00,3337.3000000
2024-03-24 00:00:00,3331.5000000
2024-03-25 00:00:00,3458.5000000
2024-03-26 00:00:00,3586.8000000
2024-03-27 00:00:00,3588.1000000
2024-03-28 00:00:00,3502.6000000
2024-03-29 00:00:00,3561.8000000
2024-03-30 00:00:00,3511.3000000
2024-03-31 00:00:00,3510.0000000
2024-04-01 00:00:00,3650.6000000
2024-04-02 00:00:00,3506.4000000
2024-04-03 00:00:00,3279.8000000
2024-04-04 00:00:00,3311.0000000
2024-04-05 00:00:00,3327.6000000
2024-04-06 00:00:00,3318.5000000
2024-04-07 00:00:00,3352.6000000
2024-04-08 00:00:00,3452.4000000
2024-04-09 00:00:00,3695.5000000
2024-04-10 00:00:00,3505.5000000
2024-04-11 00:00:00,3550.0000000
2024-04-12 00:00:00,3507.1000000
2024-04-13 00:00:00,3235.4000000
2024-04-14 00:00:00,3008.7000000
2024-04-15 00:00:00,3159.7000000
2024-04-16 00:00:00,3100.8000000
2024-04-17 00:00:00,3088.3000000
2024-04-18 00:00:00,2983.6000000
2024-04-19 00:00:00,3063.0000000
2024-04-20 00:00:00,3060.2000000
2024-04-21 00:00:00,3158.1000000
2024-04-22 00:00:00,3150.6000000
2024-04-23 00:00:00,3203.9000000
2024-04-24 00:00:00,3225.0000000
2024-04-25 00:00:00,3143.3000000
2024-04-26 00:00:00,3158.9000000
2024-04-27 00:00:00,3135.9000000
2024-04-28 00:00:00,3261.6000000
2024-04-29 00:00:00,3264.7000000
2024-04-30 00:00:00,3219.4000000
2024-05-01 00:00:00,3020.3000000
2024-05-02 00:00:00,2975.1000000
2024-05-03 00:00:00,2991.5000000
2024-05-04 00:00:00,3108.7000000
2024-05-05 00:00:00,3124.2000000
2024-05-06 00:00:00,3148.4000000
2024-05-07 00:00:00,3068.2000000
2024-05-08 00:00:00,3010.8000000
2024-05-09 00:00:00,2982.1000000
2024-05-10 00:00:00,3043.5000000
2024-05-11 00:00:00,2910.7000000
2024-05-12 00:00:00,2916.3000000
2024-05-13 00:00:00,2937.3000000
2024-05-14 00:00:00,2951.0000000
2024-05-15 00:00:00,2886.8000000
2024-05-16 00:00:00,3038.3000000
2024-05-17 00:00:00,2949.3000000
2024-05-18 00:00:00,3096.0000000
2024-05-19 00:00:00,3127.4000000
2024-05-20 00:00:00,3074.4000000
2024-05-21 00:00:00,3659.6000000
2024-05-22 00:00:00,3788.3000000
2024-05-23 00:00:00,3741.8000000
2024-05-24 00:00:00,3786.3000000
2024-05-25 00:00:00,3731.2000000
2024-05-26 00:00:00,3753.8000000
2024-05-27 00:00:00,3828.7000000
2024-05-28 00:00:00,3897.0000000
2024-05-29 00:00:00,3850.1000000
2024-05-30 00:00:00,3779.0000000
2024-05-31 00:00:00,3747.8000000
2024-06-01 00:00:00,3768.2000000
2024-06-02 00:00:00,3817.6000000
2024-06-03 00:00:00,3781.9000000
2024-06-04 00:00:00,3768.3000000
2024-06-05 00:00:00,3812.9000000
2024-06-06 00:00:00,3861.6000000
2024-06-07 00:00:00,3814.0000000
2024-06-08 00:00:00,3678.6000000
2024-06-09 00:00:00,3681.8000000
2024-06-10 00:00:00,3706.2000000
2024-06-11 00:00:00,3666.6000000
2024-06-12 00:00:00,3498.7000000
2024-06-13 00:00:00,3559.0000000
2024-06-14 00:00:00,3470.8000000
2024-06-15 00:00:00,3481.3000000
2024-06-16 00:00:00,3568.1000000
2024-06-17 00:00:00,3625.7000000
2024-06-18 00:00:00,3517.3000000
2024-06-19 00:00:00,3488.4000000
2024-06-20 00:00:00,3557.9000000
2024-06-21 00:00:00,3522.8000000
2024-06-22 00:00:00,3526.7000000
2024-06-23 00:00:00,3505.0000000
2024-06-24 00:00:00,3425.1000000
2024-06-25 00:00:00,3356.4000000
2024-06-26 00:00:00,3397.7000000
2024-06-27 00:00:00,3376.2000000
2024-06-28 00:00:00,3455.3000000
2024-06-29 00:00:00,3386.4000000
2024-06-30 00:00:00,3381.2000000
2024-07-01 00:00:00,3441.7000000
2024-07-02 00:00:00,3445.8000000
2024-07-03 00:00:00,3425.1000000
2024-07-04 00:00:00,3299.1000000
2024-07-05 00:00:00,3062.9000000
2024-07-06 00:00:00,2987.0000000
2024-07-07 00:00:00,3067.2000000
2024-07-08 00:00:00,2940.6000000
2024-07-09 00:00:00,3027.2000000
2024-07-10 00:00:00,3072.0000000
2024-07-11 00:00:00,3106.5000000
2024-07-12 00:00:00,3107.4000000
2024-07-13 00:00:00,3143.1000000
2024-07-14 00:00:00,3185.7000000
2024-07-15 00:00:00,3251.9000000
2024-07-16 00:00:00,3491.2000000
2024-07-17 00:00:00,3452.7000000
2024-07-18 00:00:00,3391.2000000
2024-07-19 00:00:00,3430.2000000
2024-07-20 00:00:00,3510.3000000
2024-07-21 00:00:00,3522.6000000
2024-07-22 00:00:00,3542.5000000
2024-07-23 00:00:00,3446.5000000
2024-07-24 00:00:00,3490.1000000
2024-07-25 00:00:00,3342.6000000
2024-07-26 00:00:00,3179.0000000
2024-07-27 00:00:00,3282.5000000
2024-07-28 00:00:00,3253.9000000
2024-07-29 00:00:00,3277.7000000
2024-07-30 00:00:00,3324.3000000
2024-07-31 00:00:00,3286.3000000
2024-08-01 00:00:00,3237.0000000
2024-08-02 00:00:00,3209.0000000
2024-08-03 00:00:00,2992.9000000
2024-08-04 00:00:00,2908.5000000
2024-08-05 00:00:00,2692.5000000
2024-08-06 00:00:00,2425.9000000
2024-08-07 00:00:00,2467.6000000
2024-08-08 00:00:00,2345.5000000
2024-08-09 00:00:00,2688.3000000
2024-08-10 00:00:00,2603.0000000
2024-08-11 00:00:00,2614.0000000
2024-08-12 00:00:00,2558.9000000
2024-08-13 00:00:00,2727.9000000
2024-08-14 00:00:00,2707.1000000
2024-08-15 00:00:00,2665.0000000
2024-08-16 00:00:00,2572.8000000
2024-08-17 00:00:00,2598.8000000
2024-08-18 00:00:00,2619.2000000
2024-08-19 00:00:00,2617.0000000
2024-08-20 00:00:00,2641.7000000
2024-08-21 00:00:00,2580.0000000
2024-08-22 00:00:00,2635.6000000
2024-08-23 00:00:00,2627.3000000
2024-08-24 00:00:00,2767.7000000
2024-08-25 00:00:00,2771.8000000
2024-08-26 00:00:00,2752.9000000
2024-08-27 00:00:00,2684.9000000
2024-08-28 00:00:00,2460.2000000
2024-08-29 00:00:00,2532.9000000
2024-08-30 00:00:00,2533.4000000
2024-08-31 00:00:00,2533.3000000
2024-09-01 00:00:00,2519.4000000
2024-09-02 00:00:00,2431.4000000
2024-09-03 00:00:00,2546.3000000
2024-09-04 00:00:00,2432.8000000
2024-09-05 00:00:00,2456.5000000
2024-09-06 00:00:00,2374.2000000
2024-09-07 00:00:00,2232.6000000
2024-09-08 00:00:00,2279.7000000
2024-09-09 00:00:00,2303.9000000
2024-09-10 00:00:00,2364.9000000
2024-09-11 00:00:00,2393.8000000
2024-09-12 00:00:00,2346.2000000
2024-09-13 00:00:00,2368.1000000
2024-09-14 00:00:00,2444.2000000
2024-09-15 00:00:00,2423.8000000
2024-09-16 00:00:00,2322.5000000
2024-09-17 00:00:00,2300.9000000
2024-09-18 00:00:00,2346.3000000
2024-09-19 00:00:00,2379.2000000
2024-09-20 00:00:00,2469.8000000
2024-09-21 00:00:00,2560.2000000
2024-09-22 00:00:00,2615.0000000
2024-09-23 00:00:00,2585.0000000
2024-09-24 00:00:00,2653.5000000
2024-09-25 00:00:00,2658.2000000
2024-09-26 00:00:00,2586.3000000
2024-09-27 00:00:00,2637.7000000
2024-09-28 00:00:00,2702.1000000
2024-09-29 00:00:00,2681.9000000
2024-09-30 00:00:00,2663.5000000
2024-10-01 00:00:00,2607.8000000
2024-10-02 00:00:00,2452.1000000
2024-10-03 00:00:00,2369.1000000
2024-10-04 00:00:00,2355.4000000
2024-10-05 00:00:00,2421.4000000
2024-10-06 00:00:00,2417.6000000
2024-10-07 00:00:00,2440.8000000
2024-10-08 00:00:00,2423.2000000
2024-10-09 00:00:00,2445.1000000
2024-10-10 00:00:00,2371.4000000
2024-10-11 00:00:00,2385.1000000
2024-10-12 00:00:00,2440.6000000
2024-10-13 00:00:00,2482.2000000
2024-10-14 00:00:00,2473.8000000
2024-10-15 00:00:00,2632.8000000
2024-10-16 00:00:00,2610.5000000
2024-10-17 00:00:00,2615.9000000
2024-10-18 00:00:00,2606.4000000
2024-10-19 00:00:00,2640.3000000
2024-10-20 00:00:00,2648.8000000
2024-10-21 00:00:00,2748.2000000
2024-10-22 00:00:00,2668.7000000
2024-10-23 00:00:00,2623.0000000
2024-10-24 00:00:00,2524.1000000
2024-10-25 00:00:00,2535.3000000
2024-10-26 00:00:00,2439.1000000
2024-10-27 00:00:00,2482.3000000
2024-10-28 00:00:00,2508.7000000
2024-10-29 00:00:00,2568.6000000
2024-10-30 00:00:00,2638.1000000
2024-10-31 00:00:00,2662.0000000
2024-11-01 00:00:00,2519.0000000
2024-11-02 00:00:00,2512.3000000
2024-11-03 00:00:00,2493.8000000
2024-11-04 00:00:00,2459.0000000
2024-11-05 00:00:00,2398.7000000
2024-11-06 00:00:00,2425.3000000
2024-11-07 00:00:00,2722.1000000
2024-11-08 00:00:00,2895.3000000
2024-11-09 00:00:00,2962.3000000
2024-11-10 00:00:00,3126.5000000
2024-11-11 00:00:00,3183.9000000
2024-11-12 00:00:00,3367.0000000
2024-11-13 00:00:00,3243.0000000
2024-11-14 00:00:00,3191.5000000
2024-11-15 00:00:00,3057.0000000
2024-11-16 00:00:00,3087.2000000
2024-11-17 00:00:00,3131.9000000
2024-11-18 00:00:00,3070.1000000
2024-11-19 00:00:00,3210.0000000
2024-11-20 00:00:00,3105.0000000
2024-11-21 00:00:00,3067.3000000
2024-11-22 00:00:00,3356.3000000
2024-11-23 00:00:00,3322.9000000
2024-11-24 00:00:00,3389.0000000
2024-11-25 00:00:00,3350.8000000
2024-11-26 00:00:00,3416.9000000
2024-11-27 00:00:00,3327.9000000
2024-11-28 00:00:00,3658.3000000
2024-11-29 00:00:00,3585.1000000
2024-11-30 00:00:00,3594.9000000
2024-12-01 00:00:00,3708.4000000
2024-12-02 00:00:00,3711.3000000
2024-12-03 00:00:00,3646.7000000
2024-12-04 00:00:00,3620.4000000
2024-12-05 00:00:00,3840.1000000
2024-12-06 00:00:00,3780.3000000
2024-12-07 00:00:00,3999.0000000
2024-12-08 00:00:00,4001.0000000
2024-12-09 00:00:00,4007.9000000
2024-12-10 00:00:00,3714.7000000
2024-12-11 00:00:00,3630.6000000
2024-12-12 00:00:00,3830.7000000
2024-12-13 00:00:00,3879.9000000
2024-12-14 00:00:00,3904.6000000
2024-12-15 00:00:00,3868.7000000
2024-12-16 00:00:00,3958.5000000
2024-12-17 00:00:00,3980.4000000
2024-12-18 00:00:00,3888.8000000
2024-12-19 00:00:00,3626.8000000
2024-12-20 00:00:00,3417.2000000
2024-12-21 00:00:00,3473.8000000
2024-12-22 00:00:00,3340.4000000
2024-12-23 00:00:00,3281.9000000
2024-12-24 00:00:00,3423.6000000
2024-12-25 00:00:00,3494.4000000
2024-12-26 00:00:00,3500.0000000
2024-12-27 00:00:00,3337.5000000
2024-12-28 00:00:00,3340.0000000
2024-12-29 00:00:00,3410.1000000
2024-12-30 00:00:00,3360.7000000
2024-12-31 00:00:00,3365.2000000
